"сверло ц/х ф0,50 Р6М5К5 А1",AG-000092PR,10
"сверло ц/х ф0,60 Р6М5К5 А1",AG-000093PR,10
"сверло ц/х ф0,70 Р6М5К5 А1",AG-000094PR,10
"сверло ц/х ф0,80 Р6М5К5 А1",AG-000095PR,10
"сверло ц/х ф0,90 Р6М5К5 А1",AG-000096PR,10
"сверло ц/х ф1,00 Р6М5К5 А1",AG-000097PR,10
"сверло ц/х ф1,10 Р6М5К5 А1",AG-000098PR,10
"сверло ц/х ф1,20 Р6М5К5 А1",AG-000099PR,10
"сверло ц/х ф1,30 Р6М5К5 А1",AG-000100PR,10
"сверло ц/х ф1,40 Р6М5К5 А1",AG-000101PR,10
"сверло ц/х ф1,50 Р6М5К5 А1",AG-000102PR,10
"сверло ц/х ф1,60 Р6М5К5 А1",AG-000103PR,10
"сверло ц/х ф1,70 Р6М5К5 А1",AG-000104PR,10
"сверло ц/х ф1,80 Р6М5К5 А1",AG-000105PR,10
"сверло ц/х ф1,90 Р6М5К5 А1",AG-000106PR,10
"сверло ц/х ф2,00 Р6М5К5 А1",AG-000107PR,10
"сверло ц/х ф2,10 Р6М5К5 А1",AG-000108PR,10
"сверло ц/х ф2,20 Р6М5К5 А1",AG-000109PR,10
"сверло ц/х ф2,30 Р6М5К5 А1",AG-000110PR,10
"сверло ц/х ф2,40 Р6М5К5 А1",AG-000111PR,10
"сверло ц/х ф2,50 Р6М5К5 А1",AG-000112PR,10
"сверло ц/х ф2,60 Р6М5К5 А1",AG-000113PR,10
"сверло ц/х ф2,70 Р6М5К5 А1",AG-000114PR,10
"сверло ц/х ф2,80 Р6М5К5 А1",AG-000115PR,10
"сверло ц/х ф2,90 Р6М5К5 А1",AG-000116PR,10
"сверло ц/х ф3,00 Р6М5К5 А1",AG-000117PR,10
"сверло ц/х ф3,10 Р6М5К5 А1",AG-000118PR,10
"сверло ц/х ф3,20 Р6М5К5 А1",AG-000119PR,10
"сверло ц/х ф3,30 Р6М5К5 А1",AG-000120PR,10
"сверло ц/х ф3,40 Р6М5К5 А1",AG-000121PR,10
"сверло ц/х ф3,50 Р6М5К5 А1",AG-000122PR,10
"сверло ц/х ф3,60 Р6М5К5 А1",AG-000123PR,10
"сверло ц/х ф3,70 Р6М5К5 А1",AG-000124PR,10
"сверло ц/х ф3,80 Р6М5К5 А1",AG-000125PR,10
"сверло ц/х ф3,90 Р6М5К5 А1",AG-000126PR,10
"сверло ц/х ф4,00 Р6М5К5 А1",AG-000127PR,10
"сверло ц/х ф4,10 Р6М5К5 А1",AG-000128PR,10
"сверло ц/х ф4,20 Р6М5К5 А1",AG-000129PR,10
"сверло ц/х ф4,30 Р6М5К5 А1",AG-000130PR,10
"сверло ц/х ф4,40 Р6М5К5 А1",AG-000131PR,10
"сверло ц/х ф4,50 Р6М5К5 А1",AG-000132PR,10
"сверло ц/х ф4,60 Р6М5К5 А1",AG-000133PR,10
"сверло ц/х ф4,70 Р6М5К5 А1",AG-000134PR,10
"сверло ц/х ф4,80 Р6М5К5 А1",AG-000135PR,10
"сверло ц/х ф4,90 Р6М5К5 А1",AG-000136PR,10
"сверло ц/х ф5,00 Р6М5К5 А1",AG-000137PR,10
"сверло ц/х ф5,10 Р6М5К5 А1",AG-000138PR,10
"сверло ц/х ф5,20 Р6М5К5 А1",AG-000139PR,10
"сверло ц/х ф5,30 Р6М5К5 А1",AG-000140PR,10
"сверло ц/х ф5,40 Р6М5К5 А1",AG-000141PR,10
"сверло ц/х ф5,50 Р6М5К5 А1",AG-000142PR,10
"сверло ц/х ф5,60 Р6М5К5 А1",AG-000143PR,10
"сверло ц/х ф5,70 Р6М5К5 А1",AG-000144PR,10
"сверло ц/х ф5,80 Р6М5К5 А1",AG-000145PR,10
"сверло ц/х ф5,90 Р6М5К5 А1",AG-000146PR,10
"сверло ц/х ф6,00 Р6М5К5 А1",AG-000147PR,10
"сверло ц/х ф6,10 Р6М5К5 А1",AG-000148PR,10
"сверло ц/х ф6,20 Р6М5К5 А1",AG-000149PR,10
"сверло ц/х ф6,30 Р6М5К5 А1",AG-000150PR,10
"сверло ц/х ф6,40 Р6М5К5 А1",AG-000151PR,10
"сверло ц/х ф6,50 Р6М5К5 А1",AG-000152PR,10
"сверло ц/х ф6,60 Р6М5К5 А1",AG-000153PR,10
"сверло ц/х ф6,70 Р6М5К5 А1",AG-000154PR,10
"сверло ц/х ф6,80 Р6М5К5 А1",AG-000155PR,10
"сверло ц/х ф6,90 Р6М5К5 А1",AG-000156PR,10
"сверло ц/х ф7,00 Р6М5К5 А1",AG-000157PR,10
"сверло ц/х ф7,10 Р6М5К5 А1",AG-000158PR,10
"сверло ц/х ф7,20 Р6М5К5 А1",AG-000159PR,10
"сверло ц/х ф7,30 Р6М5К5 А1",AG-000160PR,10
"сверло ц/х ф7,40 Р6М5К5 А1",AG-000161PR,10
"сверло ц/х ф7,50 Р6М5К5 А1",AG-000162PR,10
"сверло ц/х ф7,60 Р6М5К5 А1",AG-000163PR,10
"сверло ц/х ф7,70 Р6М5К5 А1",AG-000164PR,10
"сверло ц/х ф7,80 Р6М5К5 А1",AG-000165PR,10
"сверло ц/х ф7,90 Р6М5К5 А1",AG-000166PR,10
"сверло ц/х ф8,00 Р6М5К5 А1",AG-000167PR,10
"сверло ц/х ф8,10 Р6М5К5 А1",AG-000168PR,5
"сверло ц/х ф8,20 Р6М5К5 А1",AG-000169PR,5
"сверло ц/х ф8,30 Р6М5К5 А1",AG-000170PR,5
"сверло ц/х ф8,40 Р6М5К5 А1",AG-000171PR,5
"сверло ц/х ф8,50 Р6М5К5 А1",AG-000172PR,5
"сверло ц/х ф8,60 Р6М5К5 А1",AG-000173PR,5
"сверло ц/х ф8,70 Р6М5К5 А1",AG-000174PR,5
"сверло ц/х ф8,80 Р6М5К5 А1",AG-000175PR,5
"сверло ц/х ф8,90 Р6М5К5 А1",AG-000176PR,5
"сверло ц/х ф9,00 Р6М5К5 А1",AG-000177PR,5
"сверло ц/х ф9,10 Р6М5К5 А1",AG-000178PR,5
"сверло ц/х ф9,20 Р6М5К5 А1",AG-000179PR,5
"сверло ц/х ф9,30 Р6М5К5 А1",AG-000180PR,5
"сверло ц/х ф9,40 Р6М5К5 А1",AG-000181PR,5
"сверло ц/х ф9,50 Р6М5К5 А1",AG-000182PR,5
"сверло ц/х ф9,60 Р6М5К5 А1",AG-000183PR,5
"сверло ц/х ф9,70 Р6М5К5 А1",AG-000184PR,5
"сверло ц/х ф9,80 Р6М5К5 А1",AG-000185PR,5
"сверло ц/х ф9,90 Р6М5К5 А1",AG-000186PR,5
"сверло ц/х ф10,00 Р6М5К5 А1",AG-000187PR,5
"сверло ц/х ф10,10 Р6М5К5 А1",AG-000188PR,1
"сверло ц/х ф10,20 Р6М5К5 А1",AG-000189PR,1
"сверло ц/х ф10,30 Р6М5К5 А1",AG-000190PR,1
"сверло ц/х ф10,40 Р6М5К5 А1",AG-000191PR,1
"сверло ц/х ф10,50 Р6М5К5 А1",AG-000192PR,1
"сверло ц/х ф10,60 Р6М5К5 А1",AG-000193PR,1
"сверло ц/х ф10,70 Р6М5К5 А1",AG-000194PR,1
"сверло ц/х ф10,80 Р6М5К5 А1",AG-000195PR,1
"сверло ц/х ф10,90 Р6М5К5 А1",AG-000196PR,1
"сверло ц/х ф11,00 Р6М5К5 А1",AG-000197PR,1
"сверло ц/х ф11,10 Р6М5К5 А1",AG-000198PR,1
"сверло ц/х ф11,20 Р6М5К5 А1",AG-000199PR,1
"сверло ц/х ф11,30 Р6М5К5 А1",AG-000200PR,1
"сверло ц/х ф11,40 Р6М5К5 А1",AG-000201PR,1
"сверло ц/х ф11,50 Р6М5К5 А1",AG-000202PR,1
"сверло ц/х ф11,60 Р6М5К5 А1",AG-000203PR,1
"сверло ц/х ф11,70 Р6М5К5 А1",AG-000204PR,1
"сверло ц/х ф11,80 Р6М5К5 А1",AG-000205PR,1
"сверло ц/х ф11,90 Р6М5К5 А1",AG-000206PR,1
"сверло ц/х ф12,00 Р6М5К5 А1",AG-000207PR,1
"сверло ц/х ф12,20 Р6М5К5 А1",AG-000208PR,1
"сверло ц/х ф12,50 Р6М5К5 А1",AG-000209PR,1
"сверло ц/х ф13,00 Р6М5К5 А1",AG-000210PR,1
"сверло ц/х ф13,50 Р6М5К5 А1",AG-000211PR,1
"сверло ц/х ф14,00 Р6М5К5 А1",AG-000212PR,1
"сверло ц/х ф14,50 Р6М5К5 А1",AG-000213PR,1
"сверло ц/х ф15,00 Р6М5К5 А1",AG-000214PR,1
"сверло ц/х ф15,50 Р6М5К5 А1",AG-000215PR,1
"сверло ц/х ф16,00 Р6М5К5 А1",AG-000216PR,1
"сверло ц/х ф16,50 Р6М5К5 А1",AG-000217PR,1
"сверло ц/х ф17,00 Р6М5К5 А1",AG-000218PR,1
"сверло ц/х ф17,50 Р6М5К5 А1",AG-000219PR,1
"сверло ц/х ф18,00 Р6М5К5 А1",AG-000220PR,1
"сверло ц/х ф18,50 Р6М5К5 А1",AG-000221PR,1
"сверло ц/х ф19,00 Р6М5К5 А1",AG-000222PR,1
"сверло ц/х ф19,50 Р6М5К5 А1",AG-000223PR,1
"сверло ц/х ф20,00 Р6М5К5 А1",AG-000224PR,1
"сверло ц/х ф0,5 шлиф.",AG-000195CL,10
"сверло ц/х ф0,6 шлиф.",AG-000196CL,10
"сверло ц/х ф0,7 шлиф.",AG-000197CL,10
"сверло ц/х ф0,8 шлиф.",AG-000198CL,10
"сверло ц/х ф0,9 шлиф.",AG-000199CL,10
"сверло ц/х ф1,0 шлиф.",AG-000200CL,10
"сверло ц/х ф1,0 шлиф. левое",AG-000201CL,10
"сверло ц/х ф1,1 шлиф.",AG-000202CL,10
"сверло ц/х ф1,2 шлиф.",AG-000203CL,10
"сверло ц/х ф1,3 шлиф.",AG-000204CL,10
"сверло ц/х ф1,4 шлиф.",AG-000205CL,10
"сверло ц/х ф1,5 шлиф.",AG-000206CL,10
"сверло ц/х ф1,5 шлиф. левое",AG-000207CL,10
"сверло ц/х ф1,6 шлиф.",AG-000208CL,10
"сверло ц/х ф1,7 шлиф.",AG-000209CL,10
"сверло ц/х ф1,8 шлиф.",AG-000210CL,10
"сверло ц/х ф1,9 шлиф.",AG-000211CL,10
"сверло ц/х ф2,0 шлиф.",AG-000212CL,10
"сверло ц/х ф2,0 шлиф. левое",AG-000213CL,10
"сверло ц/х ф2,1 шлиф.",AG-000214CL,10
"сверло ц/х ф2,2 шлиф.",AG-000215CL,10
"сверло ц/х ф2,3 шлиф.",AG-000216CL,10
"сверло ц/х ф2,4 шлиф.",AG-000217CL,10
"сверло ц/х ф2,5 шлиф.",AG-000218CL,10
"сверло ц/х ф2,5 шлиф. левое",AG-000219CL,10
"сверло ц/х ф2,6 шлиф.",AG-000220CL,10
"сверло ц/х ф2,7 шлиф.",AG-000221CL,10
"сверло ц/х ф2,8 шлиф.",AG-000222CL,10
"сверло ц/х ф2,9 шлиф.",AG-000223CL,10
"сверло ц/х ф3,0 шлиф.",AG-000224CL,10
"сверло ц/х ф3,0 шлиф. левое",AG-000225CL,10
"сверло ц/х ф3,1 шлиф.",AG-000226CL,10
"сверло ц/х ф3,2 шлиф.",AG-000227CL,10
"сверло ц/х ф3,2 шлиф. левое",AG-000228CL,10
"сверло ц/х ф3,3 шлиф.",AG-000229CL,10
"сверло ц/х ф3,4 шлиф.",AG-000230CL,10
"сверло ц/х ф3,5 шлиф.",AG-000231CL,10
"сверло ц/х ф3,5 шлиф. левое",AG-000232CL,10
"сверло ц/х ф3,6 шлиф.",AG-000233CL,10
"сверло ц/х ф3,7 шлиф.",AG-000234CL,10
"сверло ц/х ф3,8 шлиф.",AG-000235CL,10
"сверло ц/х ф3,9 шлиф.",AG-000236CL,10
"сверло ц/х ф4,0 шлиф.",AG-000237CL,10
"сверло ц/х ф4,0 шлиф. левое",AG-000238CL,10
"сверло ц/х ф4,1 шлиф.",AG-000239CL,10
"сверло ц/х ф4,2 шлиф.",AG-000240CL,10
"сверло ц/х ф4,2 шлиф. левое",AG-000241CL,10
"сверло ц/х ф4,3 шлиф.",AG-000242CL,10
"сверло ц/х ф4,4 шлиф.",AG-000243CL,10
"сверло ц/х ф4,5 шлиф.",AG-000244CL,10
"сверло ц/х ф4,5 шлиф. левое",AG-000245CL,10
"сверло ц/х ф4,6 шлиф.",AG-000246CL,10
"сверло ц/х ф4,7 шлиф.",AG-000247CL,10
"сверло ц/х ф4,8 шлиф.",AG-000248CL,10
"сверло ц/х ф4,9 шлиф.",AG-000249CL,10
"сверло ц/х ф5,0 шлиф.",AG-000250CL,10
"сверло ц/х ф5,0 шлиф. левое",AG-000251CL,10
"сверло ц/х ф5,1 шлиф.",AG-000252CL,10
"сверло ц/х ф5,2 шлиф.",AG-000253CL,10
"сверло ц/х ф5,3 шлиф.",AG-000254CL,10
"сверло ц/х ф5,4 шлиф.",AG-000255CL,10
"сверло ц/х ф5,5 шлиф.",AG-000256CL,10
"сверло ц/х ф5,5 шлиф. левое",AG-000257CL,10
"сверло ц/х ф5,6 шлиф.",AG-000258CL,10
"сверло ц/х ф5,7 шлиф.",AG-000259CL,10
"сверло ц/х ф5,8 шлиф.",AG-000260CL,10
"сверло ц/х ф5,9 шлиф.",AG-000261CL,10
"сверло ц/х ф6,0 шлиф.",AG-000262CL,10
"сверло ц/х ф6,0 шлиф. левое",AG-000263CL,10
"сверло ц/х ф6,1 шлиф.",AG-000264CL,10
"сверло ц/х ф6,2 шлиф.",AG-000265CL,10
"сверло ц/х ф6,3 шлиф.",AG-000266CL,10
"сверло ц/х ф6,4 шлиф.",AG-000267CL,10
"сверло ц/х ф6,5 шлиф.",AG-000268CL,10
"сверло ц/х ф6,5 шлиф. левое",AG-000269CL,10
"сверло ц/х ф6,6 шлиф.",AG-000270CL,10
"сверло ц/х ф6,7 шлиф.",AG-000271CL,10
"сверло ц/х ф6,8 шлиф.",AG-000272CL,10
"сверло ц/х ф6,9 шлиф.",AG-000273CL,10
"сверло ц/х ф7,0 шлиф.",AG-000274CL,10
"сверло ц/х ф7,0 шлиф. левое",AG-000275CL,10
"сверло ц/х ф7,1 шлиф.",AG-000276CL,10
"сверло ц/х ф7,2 шлиф.",AG-000277CL,10
"сверло ц/х ф7,3 шлиф.",AG-000278CL,10
"сверло ц/х ф7,4 шлиф.",AG-000279CL,10
"сверло ц/х ф7,5 шлиф.",AG-000280CL,10
"сверло ц/х ф7,5 шлиф. левое",AG-000281CL,10
"сверло ц/х ф7,6 шлиф.",AG-000282CL,10
"сверло ц/х ф7,7 шлиф.",AG-000283CL,10
"сверло ц/х ф7,8 шлиф.",AG-000284CL,10
"сверло ц/х ф7,9 шлиф.",AG-000285CL,10
"сверло ц/х ф8,0 шлиф.",AG-000286CL,10
"сверло ц/х ф8,0 шлиф. левое",AG-000287CL,10
"сверло ц/х ф8,1 шлиф.",AG-000288CL,5
"сверло ц/х ф8,2 шлиф.",AG-000289CL,5
"сверло ц/х ф8,3 шлиф.",AG-000290CL,5
"сверло ц/х ф8,4 шлиф.",AG-000291CL,5
"сверло ц/х ф8,5 шлиф.",AG-000292CL,5
"сверло ц/х ф8,5 шлиф. левое",AG-000293CL,5
"сверло ц/х ф8,6 шлиф.",AG-000294CL,5
"сверло ц/х ф8,7 шлиф.",AG-000295CL,5
"сверло ц/х ф8,8 шлиф.",AG-000296CL,5
"сверло ц/х ф8,9 шлиф.",AG-000297CL,5
"сверло ц/х ф9,0 шлиф.",AG-000298CL,5
"сверло ц/х ф9,0 шлиф. левое",AG-000299CL,5
"сверло ц/х ф9,1 шлиф.",AG-000300CL,5
"сверло ц/х ф9,2 шлиф.",AG-000301CL,5
"сверло ц/х ф9,3 шлиф.",AG-000302CL,5
"сверло ц/х ф9,4 шлиф.",AG-000303CL,5
"сверло ц/х ф9,5 шлиф.",AG-000304CL,5
"сверло ц/х ф9,5 шлиф. левое",AG-000305CL,5
"сверло ц/х ф9,6 шлиф.",AG-000306CL,5
"сверло ц/х ф9,7 шлиф.",AG-000307CL,5
"сверло ц/х ф9,8 шлиф.",AG-000308CL,5
"сверло ц/х ф9,9 шлиф.",AG-000309CL,5
"сверло ц/х ф10,0 шлиф.",AG-000310CL,5
"сверло ц/х ф10,0 шлиф. левое",AG-000311CL,5
"сверло ц/х ф10,1 шлиф.",AG-000312CL,1
"сверло ц/х ф10,2 шлиф.",AG-000313CL,1
"сверло ц/х ф10,3 шлиф.",AG-000314CL,1
"сверло ц/х ф10,4 шлиф.",AG-000315CL,1
"сверло ц/х ф10,5 шлиф.",AG-000316CL,1
"сверло ц/х ф10,6 шлиф.",AG-000317CL,1
"сверло ц/х ф10,7 шлиф.",AG-000318CL,1
"сверло ц/х ф10,8 шлиф.",AG-000319CL,1
"сверло ц/х ф10,9 шлиф.",AG-000320CL,1
"сверло ц/х ф11,0 шлиф.",AG-000321CL,1
"сверло ц/х ф11,1 шлиф.",AG-000322CL,1
"сверло ц/х ф11,2 шлиф.",AG-000323CL,1
"сверло ц/х ф11,3 шлиф.",AG-000324CL,1
"сверло ц/х ф11,4 шлиф.",AG-000325CL,1
"сверло ц/х ф11,5 шлиф.",AG-000326CL,1
"сверло ц/х ф11,6 шлиф.",AG-000327CL,1
"сверло ц/х ф11,7 шлиф.",AG-000328CL,1
"сверло ц/х ф11,8 шлиф.",AG-000329CL,1
"сверло ц/х ф11,9 шлиф.",AG-000330CL,1
"сверло ц/х ф12,0 шлиф.",AG-000331CL,1
"сверло ц/х ф12,0 шлиф. левое",AG-000332CL,1
"сверло ц/х ф12,1 шлиф.",AG-000333CL,1
"сверло ц/х ф12,2 шлиф.",AG-000334CL,1
"сверло ц/х ф12,3 шлиф.",AG-000335CL,1
"сверло ц/х ф12,4 шлиф.",AG-000336CL,1
"сверло ц/х ф12,5 шлиф.",AG-000337CL,1
"сверло ц/х ф12,6 шлиф.",AG-000338CL,1
"сверло ц/х ф12,7 шлиф.",AG-000339CL,1
"сверло ц/х ф12,8 шлиф.",AG-000340CL,1
"сверло ц/х ф12,9 шлиф.",AG-000341CL,1
"сверло ц/х ф13,0 шлиф.",AG-000342CL,1
"сверло ц/х ф13,1 шлиф.",AG-000343CL,1
"сверло ц/х ф13,2 шлиф.",AG-000344CL,1
"сверло ц/х ф13,3 шлиф.",AG-000345CL,1
"сверло ц/х ф13,4 шлиф.",AG-000346CL,1
"сверло ц/х ф13,5 шлиф.",AG-000347CL,1
"сверло ц/х ф13,6 шлиф.",AG-000348CL,1
"сверло ц/х ф13,7 шлиф.",AG-000349CL,1
"сверло ц/х ф13,8 шлиф.",AG-000350CL,1
"сверло ц/х ф13,9 шлиф.",AG-000351CL,1
"сверло ц/х ф14,0 шлиф.",AG-000352CL,1
"сверло ц/х ф14,1 шлиф.",AG-000353CL,1
"сверло ц/х ф14,2 шлиф.",AG-000354CL,1
"сверло ц/х ф14,25 шлиф.",AG-000355CL,1
"сверло ц/х ф14,3 шлиф.",AG-000356CL,1
"сверло ц/х ф14,4 шлиф.",AG-000357CL,1
"сверло ц/х ф14,5 шлиф.",AG-000358CL,1
"сверло ц/х ф14,6 шлиф.",AG-000359CL,1
"сверло ц/х ф14,7 шлиф.",AG-000360CL,1
"сверло ц/х ф14,8 шлиф.",AG-000361CL,1
"сверло ц/х ф14,9 шлиф.",AG-000362CL,1
"сверло ц/х ф15,0 шлиф.",AG-000363CL,1
"сверло ц/х ф15,1 шлиф.",AG-000364CL,1
"сверло ц/х ф15,2 шлиф.",AG-000365CL,1
"сверло ц/х ф15,3 шлиф.",AG-000366CL,1
"сверло ц/х ф15,4 шлиф.",AG-000367CL,1
"сверло ц/х ф15,5 шлиф.",AG-000368CL,1
"сверло ц/х ф15,6 шлиф.",AG-000369CL,1
"сверло ц/х ф15,8 шлиф.",AG-000370CL,1
"сверло ц/х ф16,0 шлиф.",AG-000371CL,1
"сверло ц/х ф16,5 шлиф.",AG-000372CL,1
"сверло ц/х ф17,0 шлиф.",AG-000373CL,1
"сверло ц/х ф17,5 шлиф.",AG-000374CL,1
"сверло ц/х ф18,0 шлиф.",AG-000375CL,1
"сверло ц/х ф18,5 шлиф.",AG-000376CL,1
"сверло ц/х ф19,0 шлиф.",AG-000377CL,1
"сверло ц/х ф19,5 шлиф.",AG-000378CL,1
"сверло ц/х ф20,0 шлиф.",AG-000379CL,1
"метчик м-р гаечный 2*0,4 осн",AG-000635CL,1
"метчик м-р гаечный 3*0,5 осн",AG-000636CL,1
"метчик м-р гаечный 4*0,7 осн",AG-000637CL,1
"метчик м-р гаечный 5*0,8 осн",AG-000638CL,1
"метчик м-р гаечный 6*1,0 осн",AG-000639CL,1
"метчик м-р гаечный 8*1,0",AG-000640CL,1
"метчик м-р гаечный 8*1,25 осн.",AG-000641CL,1
"метчик м-р гаечный 10*1,0",AG-000642CL,1
"метчик м-р гаечный 10*1,25",AG-000643CL,1
"метчик м-р гаечный 10*1,5 осн",AG-000644CL,1
"метчик м-р гаечный 12*1,25",AG-000645CL,1
"метчик м-р гаечный 12*1,5",AG-000646CL,1
"метчик м-р гаечный 12*1,75 осн",AG-000647CL,1
"метчик м-р гаечный 14*1,5",AG-000648CL,1
"метчик м-р гаечный 14*2,0 осн",AG-000649CL,1
"метчик м-р гаечный 16*1,5",AG-000650CL,1
"метчик м-р гаечный 16*2,0 осн",AG-000651CL,1
"метчик м-р гаечный 18*1,5",AG-000652CL,1
"метчик м-р гаечный 18*2,5 осн",AG-000653CL,1
"метчик м-р гаечный 20*1,5",AG-000654CL,1
"метчик м-р гаечный 20*2,5 осн",AG-000655CL,1
"метчик м-р гаечный 22*2,0",AG-000656CL,1
"метчик м-р гаечный 24*3,0 осн",AG-000657CL,1
"метчик м-р гаечный 27*2,0",AG-000658CL,1
"метчик м-р гаечный 30*3,5 осн",AG-000659CL,1
"метчик м-р М 2,5*0,45 осн Р6М5",AG-000404CL,1
"метчик м-р М 2*0,4 осн Р6М5",AG-000405CL,1
"метчик м-р М 2*0,45 Р6М5",AG-000406CL,1
"метчик м-р М 3*0,5 осн Р6М5",AG-000407CL,1
"метчик м-р М 3*0,5 осн глухой",AG-000408CL,1
"метчик м-р М 3*0,5 осн левый",AG-000409CL,1
"метчик м-р М 4*0,5 Р6М5",AG-000410CL,1
"метчик м-р М 4*0,7 лев",AG-000411CL,1
"метчик м-р М 4*0,7 осн глухой",AG-000412CL,1
"метчик м-р М 4*0,7 осн Р6М5",AG-000413CL,1
"метчик м-р М 5*0,8 осн глухой",AG-000414CL,1
"метчик м-р М 5*0,8 осн Р6М5",AG-000415CL,1
"метчик м-р М 5*0,8 осн лев Р6М5",AG-000416CL,1
"метчик м-р М 6*0,75",AG-000701CL,1
"метчик м-р М 6*1,0 осн глухой",AG-000417CL,1
"метчик м-р М 6*1,0 осн Р6М5",AG-000418CL,1
"метчик м-р М 6*1,0 осн лев Р6М5",AG-000419CL,1
"метчик м-р М 7*1,0 осн Р6М5",AG-000420CL,1
"метчик м-р М 8*1,0 лев",AG-000421CL,1
"метчик м-р М 8*1,0 Р6М5",AG-000422CL,1
"метчик м-р М 8*1,25 глухой",AG-000423CL,1
"метчик м-р М 8*1,25 лев",AG-000424CL,1
"метчик м-р М 8*1,25 осн Р6М5",AG-000425CL,1
"метчик м-р М 8*1,5",AG-000702CL,1
"метчик м-р М 9*1,0",AG-000703CL,1
"метчик м-р М 9*1,25 осн",AG-000704CL,1
"метчик м-р М10*0,5",AG-000705CL,1
"метчик м-р М10*0,75",AG-000706CL,1
"метчик м-р М10*1,0 Р6М5",AG-000426CL,1
"метчик м-р М10*1,25 Р6М5",AG-000427CL,1
"метчик м-р М10*1,5 лев",AG-000428CL,1
"метчик м-р М10*1,5 осн глухой",AG-000429CL,1
"метчик м-р М10*1,5 осн Р6М5",AG-000430CL,1
"метчик м-р М11*1,0 Р6М5",AG-000431CL,1
"метчик м-р М11*1,25 Р6М5",AG-000707CL,1
"метчик м-р М11*1,5 осн Р6М5",AG-000432CL,1
"метчик м-р М12*0,75",AG-000708CL,1
"метчик м-р М12*1,0 Р6М5",AG-000433CL,1
"метчик м-р М12*1,25 Р6М5",AG-000434CL,1
"метчик м-р М12*1,5 глухой",AG-000435CL,1
"метчик м-р М12*1,5 лев",AG-000436CL,1
"метчик м-р М12*1,5 Р6М5",AG-000437CL,1
"метчик м-р М12*1,75 лев",AG-000438CL,1
"метчик м-р М12*1,75 осн глухой",AG-000439CL,1
"метчик м-р М12*1,75 осн Р6М5",AG-000440CL,1
"метчик м-р М14*1,0 лев",AG-000441CL,1
"метчик м-р М14*1,0 Р6М5",AG-000442CL,1
"метчик м-р М14*1,25 лев",AG-000709CL,1
"метчик м-р М14*1,25 Р6М5",AG-000443CL,1
"метчик м-р М14*1,5 лев",AG-000444CL,1
"метчик м-р М14*1,5 Р6М5",AG-000445CL,1
"метчик м-р М14*1,75 глухой",AG-000446CL,1
"метчик м-р М14*1,75 Р6М5",AG-000447CL,1
"метчик м-р М14*2,0 глухой",AG-000448CL,1
"метчик м-р М14*2,0 лев",AG-000449CL,1
"метчик м-р М14*2,0 осн Р6М5",AG-000450CL,1
"метчик м-р М16*1,0 Р6М5",AG-000451CL,1
"метчик м-р М16*1,0 левый",AG-000452CL,1
"метчик м-р М16*1,5 глухой",AG-000453CL,1
"метчик м-р М16*1,5 лев Р6М5",AG-000710CL,1
"метчик м-р М16*1,5 Р6М5",AG-000454CL,1
"метчик м-р М16*2,0 глухой",AG-000455CL,1
"метчик м-р М16*2,0 лев",AG-000456CL,1
"метчик м-р М16*2,0 осн Р6М5",AG-000457CL,1
"метчик м-р М18*1,0 Р6М5",AG-000458CL,1
"метчик м-р М18*1,5 глухой",AG-000459CL,1
"метчик м-р М18*1,5 лев",AG-000460CL,1
"метчик м-р М18*1,5 Р6М5",AG-000461CL,1
"метчик м-р М18*2,0 Р6М5",AG-000462CL,1
"метчик м-р М18*2,0 Р6М5 глухой",AG-000463CL,1
"метчик м-р М18*2,5 глухой",AG-000464CL,1
"метчик м-р М18*2,5 лев",AG-000465CL,1
"метчик м-р М18*2,5 осн Р6М5",AG-000466CL,1
"метчик м-р М20*1,0 Р6М5",AG-000467CL,1
"метчик м-р М20*1,5 глухой",AG-000468CL,1
"метчик м-р М20*1,5 Р6М5",AG-000469CL,1
"метчик м-р М20*2,0 Р6М5",AG-000470CL,1
"метчик м-р М20*2,5 глухой",AG-000471CL,1
"метчик м-р М20*2,5 лев",AG-000472CL,1
"метчик м-р М20*2,5 осн Р6М5",AG-000473CL,1
"метчик м-р М22*1,0",AG-000474CL,1
"метчик м-р М22*1,5 глухой",AG-000475CL,1
"метчик м-р М22*1,5 лев",AG-000476CL,1
"метчик м-р М22*1,5 Р6М5",AG-000477CL,1
"метчик м-р М22*2,0 Р6М5",AG-000478CL,1
"метчик м-р М22*2,5 глухой",AG-000479CL,1
"метчик м-р М22*2,5 осн лев Р6М5",AG-000480CL,1
"метчик м-р М22*2,5 осн Р6М5",AG-000481CL,1
"метчик м-р М24*1,0",AG-000482CL,1
"метчик м-р М24*1,5 глухой",AG-000483CL,1
"метчик м-р М24*1,5 Р6М5",AG-000484CL,1
"метчик м-р М24*2,0 Р6М5",AG-000485CL,1
"метчик м-р М24*3,0 глухой",AG-000486CL,1
"метчик м-р М24*3,0 осн Р6М5",AG-000487CL,1
"метчик м-р М24*3,0 осн лев Р6М5",AG-000488CL,1
метчик м-р трубный цилиндрический G 1,AG-000527CL,1
метчик м-р трубный цилиндрический G 1/2 Р6М5,AG-000532CL,1
метчик м-р трубный цилиндрический G 1/4 Р6М5,AG-000533CL,1
метчик м-р трубный цилиндрический G 1/8 Р6М5,AG-000534CL,1
метчик м-р трубный цилиндрический G 3/4 Р6М5,AG-000536CL,1
метчик м-р трубный цилиндрический G 3/8 Р6М5,AG-000537CL,1
метчик м-р трубный цилиндрический G 5/8 Р6М5,AG-000538CL,1
метчик м-р трубный цилиндрический G 7/8 Р6М5,AG-000539CL,1
Метчик дюймовый UNC 1/2 (13 ниток),AG-000878OP,1
Метчик дюймовый UNC 1/4 (20 ниток),AG-001400OP,1
Метчик дюймовый UNC 3/4 (10 ниток),AG-000879OP,1
Метчик дюймовый UNC 3/8 (16 ниток),AG-000880OP,1
Метчик дюймовый UNC 5/16 (18 ниток),AG-001401OP,1
Метчик дюймовый UNC 5/8 (11 ниток),AG-001402OP,1
Метчик дюймовый UNC 7/16 (14 ниток),AG-000881OP,1
Метчик дюймовый UNC 7/8 (9 ниток),AG-001403OP,1
Метчик дюймовый UNC 9/16 (12 ниток),AG-000882OP,1
Метчик дюймовый UNF 1 (12 ниток),AG-000883OP,1
Метчик дюймовый UNF 1/2 (20 ниток),AG-000884OP,1
Метчик дюймовый UNF 1/4 (28 ниток),AG-000885OP,1
Метчик дюймовый UNF 3/4 (16 ниток),AG-000886OP,1
Метчик дюймовый UNF 3/8 (24 ниток),AG-000887OP,1
Метчик дюймовый UNF 5/16 (24 ниток),AG-000888OP,1
Метчик дюймовый UNF 5/8 (18 ниток),AG-000889OP,1
Метчик дюймовый UNF 7/16 (20 ниток),AG-000890OP,1
Метчик дюймовый UNF 7/8 (14 ниток),AG-000891OP,1
Метчик дюймовый UNF 9/16 (18 ниток),AG-000892OP,1
"метчик м-р М2*0,4 к-т осн",AG-000540CL,1
"метчик м-р М3*0,5 к-т осн",AG-000541CL,1
"метчик м-р М3*0,5 к-т осн левый",AG-000542CL,1
"метчик м-р М4*0,5 к-т",AG-000543CL,1
"метчик м-р М4*0,7 к-т осн",AG-000544CL,1
"метчик м-р М4*0,7 к-т осн левый",AG-000545CL,1
"метчик м-р М5*0,8 к-т осн",AG-000546CL,1
"метчик м-р М5*0,8 к-т осн левый",AG-000547CL,1
"метчик м-р М6*0,75 к-т",AG-000711CL,1
"метчик м-р М6*1,0 к-т осн",AG-000548CL,1
"метчик м-р М6*1,0 к-т осн левый",AG-000549CL,1
"метчик м-р М7*1,0 к-т осн",AG-000550CL,1
"метчик м-р М8*0,75 к-т",AG-000551CL,1
"метчик м-р М8*1,0 к-т",AG-000552CL,1
"метчик м-р М8*1,0 к-т левый",AG-000553CL,1
"метчик м-р М8*1,25 к-т осн",AG-000554CL,1
"метчик м-р М8*1,25 к-т осн левый",AG-000555CL,1
"метчик м-р М9*1,0 к-т",AG-000712CL,1
"метчик м-р М10*0,5 к-т",AG-000713CL,1
"метчик м-р М10*0,75 к-т",AG-000714CL,1
"метчик м-р М10*1,0 к-т",AG-000556CL,1
"метчик м-р М10*1,25 к-т",AG-000557CL,1
"метчик м-р М10*1,5 к-т осн",AG-000558CL,1
"метчик м-р М10*1,5 к-т осн левый",AG-000559CL,1
"метчик м-р М11*1,0 к-т",AG-000560CL,1
"метчик м-р М11*1,25 к-т",AG-000715CL,1
"метчик м-р М11*1,5 к-т осн",AG-000561CL,1
"метчик м-р М12*0,75 к-т",AG-000716CL,1
"метчик м-р М12*1,0 к-т",AG-000562CL,1
"метчик м-р М12*1,25 к-т",AG-000563CL,1
"метчик м-р М12*1,5 к-т",AG-000564CL,1
"метчик м-р М12*1,5 к-т левый",AG-000565CL,1
"метчик м-р М12*1,75 к-т осн",AG-000566CL,1
"метчик м-р М12*1,75 к-т осн левый",AG-000567CL,1
"метчик м-р М14*1,0 к-т",AG-000568CL,1
"метчик м-р М14*1,0 к-т левый",AG-000569CL,1
"метчик м-р М14*1,25 к-т",AG-000570CL,1
"метчик м-р М14*1,25 к-т левый",AG-000571CL,1
"метчик м-р М14*1,5 к-т",AG-000572CL,1
"метчик м-р М14*1,5 к-т левый",AG-000573CL,1
"метчик м-р М14*1,75 к-т",AG-000574CL,1
"метчик м-р М14*2,0 к-т осн",AG-000575CL,1
"метчик м-р М14*2,0 к-т осн левый",AG-000576CL,1
"метчик м-р М16*1,0 к-т",AG-000577CL,1
"метчик м-р М16*1,25 к-т",AG-000717CL,1
"метчик м-р М16*1,5 к-т",AG-000578CL,1
"метчик м-р М16*2,0 к-т осн",AG-000579CL,1
"метчик м-р М16*2,0 к-т осн левый",AG-000580CL,1
"метчик м-р М18*1,0 к-т",AG-000581CL,1
"метчик м-р М18*1,5 к-т",AG-000582CL,1
"метчик м-р М18*1,5 к-т левый",AG-000583CL,1
"метчик м-р М18*2,0 к-т",AG-000584CL,1
"метчик м-р М18*2,5 к-т левый",AG-000585CL,1
"метчик м-р М18*2,5 к-т осн",AG-000586CL,1
"метчик м-р М20*1,0 к-т",AG-000587CL,1
"метчик м-р М20*1,5 к-т",AG-000588CL,1
"метчик м-р М20*2,0 к-т",AG-000589CL,1
"метчик м-р М20*2,5 к-т осн",AG-000590CL,1
"метчик м-р М20*2,5 к-т осн левый",AG-000591CL,1
"метчик м-р М22*1,0 к-т",AG-000592CL,1
"метчик м-р М22*1,5 к-т",AG-000593CL,1
"метчик м-р М22*1,5 к-т левый",AG-000594CL,1
"метчик м-р М22*2,0 к-т",AG-000595CL,1
"метчик м-р М22*2,5 к-т осн",AG-000596CL,1
метчик трубный цилиндрический м-р компл. G 1,AG-000625CL,1
метчик трубный цилиндрический м-р компл. G 1/2,AG-000628CL,1
метчик трубный цилиндрический м-р компл. G 1/4,AG-000629CL,1
метчик трубный цилиндрический м-р компл. G 1/8,AG-000630CL,1
метчик трубный цилиндрический м-р компл. G 3/4,AG-000632CL,1
метчик трубный цилиндрический м-р компл. G 3/8,AG-000633CL,1
метчик трубный цилиндрический м-р компл. G 5/8,AG-000634CL,1
Метчик дюймовый UNC 1/2 (13 ниток)  к-т,AG-000894OP,1
Метчик дюймовый UNC 1/4 (20 ниток)  к-т,AG-000895OP,1
Метчик дюймовый UNC 3/4 (10 ниток)  к-т,AG-000896OP,1
Метчик дюймовый UNC 3/8 (16 ниток)  к-т,AG-000897OP,1
Метчик дюймовый UNC 5/16 (18 ниток)  к-т,AG-000898OP,1
Метчик дюймовый UNC 5/8 (11 ниток)  к-т,AG-000899OP,1
Метчик дюймовый UNC 7/16 (14 ниток)  к-т,AG-000900OP,1
Метчик дюймовый UNC 7/8 (9 ниток)  к-т,AG-000901OP,1
Метчик дюймовый UNC 9/16 (12 ниток)  к-т,AG-000902OP,1
Метчик дюймовый UNF 1 (12 ниток)  к-т,AG-000903OP,1
Метчик дюймовый UNF 1/2 (20 ниток)  к-т,AG-000904OP,1
Метчик дюймовый UNF 1/4 (28 ниток)  к-т,AG-000905OP,1
Метчик дюймовый UNF 3/4 (16 ниток)  к-т,AG-000906OP,1
Метчик дюймовый UNF 3/8 (24 ниток)  к-т,AG-000907OP,1
Метчик дюймовый UNF 5/16 (24 ниток)  к-т,AG-000908OP,1
Метчик дюймовый UNF 5/8 (18 ниток)  к-т,AG-000909OP,1
Метчик дюймовый UNF 7/16 (20 ниток)  к-т,AG-000910OP,1
Метчик дюймовый UNF 7/8 (14 ниток)  к-т,AG-000911OP,1
Метчик дюймовый UNF 9/16 (18 ниток)  к-т,AG-000912OP,1
плашка трубная G 1/2,AG-001039OP,1
плашка трубная G 1,AG-001040OP,1
плашка трубная G 1/4,AG-001046OP,1
плашка трубная G 1/8,AG-001047OP,1
плашка трубная G 3/4,AG-001049OP,1
плашка трубная G 3/8,AG-001050OP,1
плашка трубная G 5/8,AG-001051OP,1
плашка трубная G 7/8,AG-001052OP,1
"Плашка дюймовая UNC 1/2 (13 ниток, 9ХС)",AG-001053OP,1
"Плашка дюймовая UNC 1/4 (20 ниток, 9ХС)",AG-001054OP,1
"Плашка дюймовая UNC 3/ 8 (16 ниток, 9ХС)",AG-001055OP,1
"Плашка дюймовая UNC 3/4 (10 ниток, 9ХС)",AG-001056OP,1
"Плашка дюймовая UNC 5/16 (18 ниток, 9ХС)",AG-001057OP,1
"Плашка дюймовая UNC 5/8 (11 ниток, 9ХС)",AG-001058OP,1
"Плашка дюймовая UNC 7/16 (14 ниток, 9ХС)",AG-001059OP,1
"Плашка дюймовая UNC 7/8 (9 ниток, 9ХС)",AG-001060OP,1
"Плашка дюймовая UNC 9/16 (12 ниток, 9ХС)",AG-001061OP,1
"Плашка дюймовая UNC 1 (8 ниток, 9ХС)",AG-001062OP,1
"Плашка дюймовая UNC 1 1/ 4 (7 ниток, 9ХС)",AG-001063OP,1
"Плашка дюймовая UNC 1 1/2 (6 ниток, 9ХС)",AG-001064OP,1
"Плашка дюймовая UNC 2 (4,5 ниток, 9ХС)",AG-001065OP,1
"Плашка дюймовая UNF 1/2 (20 ниток, 9ХС)",AG-001066OP,1
"Плашка дюймовая UNF 1/4 (28 ниток, 9ХС)",AG-001067OP,1
"Плашка дюймовая UNF 3/ 8 (24 ниток, 9ХС)",AG-001068OP,1
"Плашка дюймовая UNF 3/4 (16 ниток, 9ХС)",AG-001069OP,1
"Плашка дюймовая UNF 5/ 8 (18 ниток, 9ХС)",AG-001070OP,1
"Плашка дюймовая UNF 5/16 (24 ниток, 9ХС)",AG-001071OP,1
"Плашка дюймовая UNF 7/ 8 (14 ниток, 9ХС)",AG-001072OP,1
"Плашка дюймовая UNF 7/16 (20 ниток, 9ХС)",AG-001073OP,1
"Плашка дюймовая UNF 9/16 (18 ниток, 9ХС)",AG-001074OP,1
"Плашка дюймовая UNF 1 (12 ниток, 9ХС)",AG-001075OP,1
"плашка М 2,5*0,45 осн",AG-001090OP,1
"плашка М 2*0,4 осн",AG-001091OP,1
"плашка М 2*0,5",AG-001092OP,1
"плашка М 3*0,5 осн",AG-001093OP,1
"плашка М 3*0,5 осн. лев",AG-001094OP,1
"плашка М 4*0,5",AG-001095OP,1
"плашка М 4*0,7 осн",AG-001096OP,1
"плашка М 4*0,7 осн. лев",AG-001097OP,1
"плашка М 4*1,0",AG-001098OP,1
"плашка М 5*0,5",AG-001099OP,1
"плашка М 5*0,8 осн",AG-001100OP,1
"плашка М 5*0,8 осн. лев",AG-001101OP,1
"плашка М 6*0,5",AG-001102OP,1
"плашка М 6*0,75",AG-001103OP,1
"плашка М 6*1,0 осн",AG-001104OP,1
"плашка М 6*1,0 осн. лев",AG-001105OP,1
"плашка М 7*1,0",AG-001106OP,1
"плашка М 8*0,75",AG-001107OP,1
"плашка М 8*1,0",AG-001108OP,1
"плашка М 8*1,0 лев",AG-001109OP,1
"плашка М 8*1,25 осн",AG-001110OP,1
"плашка М 8*1,25 осн. лев",AG-001111OP,1
"плашка М 8*1,5",AG-001112OP,1
"плашка М 9*0,5",AG-001172OP,1
"плашка М 9*1,0",AG-001113OP,1
"плашка М 9*1,25 осн",AG-001114OP,1
"плашка М10*0,5",AG-001115OP,1
"плашка М10*0,75",AG-001116OP,1
"плашка М10*1,0",AG-001117OP,1
"плашка М10*1,25",AG-001118OP,1
"плашка М10*1,5 осн",AG-001119OP,1
"плашка М10*1,5 осн. лев",AG-001120OP,1
"плашка М11*1,0",AG-001121OP,1
"плашка М11*1,25",AG-001122OP,1
"плашка М11*1,5 осн",AG-001123OP,1
"плашка М12*0,5",AG-001124OP,1
"плашка М12*0,75",AG-001125OP,1
"плашка М12*1,0",AG-001126OP,1
"плашка М12*1,25",AG-001127OP,1
"плашка М12*1,5",AG-001128OP,1
"плашка М12*1,5 лев",AG-001129OP,1
"плашка М12*1,75 осн",AG-001130OP,1
"плашка М12*1,75 осн. лев",AG-001131OP,1
"плашка М14*0,5",AG-001132OP,1
"плашка М14*1,0",AG-001133OP,1
"плашка М14*1,0 лев",AG-001134OP,1
"плашка М14*1,25",AG-001135OP,1
"плашка М14*1,25  лев",AG-001136OP,1
"плашка М14*1,5",AG-001137OP,1
"плашка М14*1,5 лев",AG-001138OP,1
"плашка М14*1,75",AG-001139OP,1
"плашка М14*2,0  осн",AG-001140OP,1
"плашка М14*2,0  осн. лев",AG-001141OP,1
"плашка М16*0,5",AG-001142OP,1
"плашка М16*1,0",AG-001143OP,1
"плашка М16*1,0 лев",AG-001144OP,1
"плашка М16*1,25",AG-001145OP,1
"плашка М16*1,5",AG-001146OP,1
"плашка М16*2,0  осн",AG-001147OP,1
"плашка М16*2,0 лев",AG-001148OP,1
"плашка М18*1,0",AG-001149OP,1
"плашка М18*1,5",AG-001150OP,1
"плашка М18*1,5 левая",AG-001151OP,1
"плашка М18*2,0",AG-001152OP,1
"плашка М18*2,5  осн",AG-001153OP,1
"плашка М18*2,5  осн. лев",AG-001154OP,1
"плашка М20*1,0",AG-001155OP,1
"плашка М20*1,5",AG-001156OP,1
"плашка М20*2,0",AG-001157OP,1
"плашка М20*2,5  осн",AG-001158OP,1
"плашка М20*2,5  осн. лев",AG-001159OP,1
"плашка М22*1,0",AG-001160OP,1
"плашка М22*1,5",AG-001161OP,1
"плашка М22*1,5 лев",AG-001162OP,1
"плашка М22*2,0",AG-001163OP,1
"плашка М22*2,5  осн",AG-001164OP,1
"плашка М22*2,5 осн. лев",AG-001165OP,1
"плашка М24*1,0",AG-001166OP,1
"плашка М24*1,5",AG-001167OP,1
"плашка М24*2,0",AG-001168OP,1
"плашка М24*2,0 левая",AG-001169OP,1
"плашка М24*3,0  осн",AG-001170OP,1
"плашка М24*3,0  осн. лев",AG-001171OP,1
"Сверло к/х  ф5,0 шлиф.",AG-000017CL,1
"Сверло к/х  ф6,0 шлиф.",AG-000018CL,1
"Сверло к/х  ф6,2 шлиф.",AG-000019CL,1
"Сверло к/х  ф6,3 шлиф.",AG-000020CL,1
"Сверло к/х  ф6,5 шлиф.",AG-000021CL,1
"Сверло к/х  ф6,7 шлиф.",AG-000022CL,1
"Сверло к/х  ф6,8 шлиф.",AG-000023CL,1
"Сверло к/х  ф7,0 шлиф.",AG-000024CL,1
"Сверло к/х  ф7,2 шлиф.",AG-000025CL,1
"Сверло к/х  ф7,5 шлиф.",AG-000026CL,1
"Сверло к/х  ф7,8 шлиф.",AG-000027CL,1
"Сверло к/х  ф8,0 шлиф.",AG-000028CL,1
"Сверло к/х  ф8,2 шлиф.",AG-000030CL,1
"Сверло к/х  ф8,5 шлиф.",AG-000031CL,1
"Сверло к/х  ф8,6 шлиф.",AG-000032CL,1
"Сверло к/х  ф8,7 шлиф.",AG-000033CL,1
"Сверло к/х  ф9,0 шлиф.",AG-000034CL,1
"Сверло к/х  ф9,2 шлиф.",AG-000035CL,1
"Сверло к/х  ф9,4 шлиф.",AG-000036CL,1
"Сверло к/х  ф9,5 шлиф.",AG-000037CL,1
"Сверло к/х  ф9,7 шлиф.",AG-000038CL,1
"Сверло к/х  ф9,8 шлиф.",AG-000039CL,1
"Сверло к/х  ф9,9 шлиф.",AG-000040CL,1
"Сверло к/х ф10,0 шлиф.",AG-000041CL,1
"Сверло к/х ф10,1 шлиф.",AG-000042CL,1
"Сверло к/х ф10,2 шлиф.",AG-000043CL,1
"Сверло к/х ф10,3 шлиф.",AG-000044CL,1
"Сверло к/х ф10,4 шлиф.",AG-000045CL,1
"Сверло к/х ф10,5 шлиф.",AG-000046CL,1
"Сверло к/х ф10,8 шлиф.",AG-000047CL,1
"Сверло к/х ф11,0 шлиф.",AG-000048CL,1
"Сверло к/х ф11,2 шлиф.",AG-000049CL,1
"Сверло к/х ф11,5 шлиф.",AG-000050CL,1
"Сверло к/х ф11,8 шлиф.",AG-000051CL,1
"Сверло к/х ф12,0 шлиф.",AG-000052CL,1
"Сверло к/х ф12,2 шлиф.",AG-000053CL,1
"Сверло к/х ф12,5 шлиф.",AG-000054CL,1
"Сверло к/х ф12,8 шлиф.",AG-000055CL,1
"Сверло к/х ф13,0 шлиф.",AG-000056CL,1
"Сверло к/х ф13,2 шлиф.",AG-000057CL,1
"Сверло к/х ф13,4 шлиф.",AG-000058CL,1
"Сверло к/х ф13,5 шлиф.",AG-000059CL,1
"Сверло к/х ф13,8 шлиф.",AG-000060CL,1
"Сверло к/х ф14,0 шлиф.",AG-000061CL,1
"Сверло к/х ф14,25 шлиф.",AG-000062CL,1
"Сверло к/х ф14,5 шлиф.",AG-000063CL,1
"Сверло к/х ф14,75 шлиф.",AG-000064CL,1
"Сверло к/х ф15,0 шлиф.",AG-000065CL,1
"Сверло к/х ф15,25 шлиф.",AG-000066CL,1
"Сверло к/х ф15,4 шлиф.",AG-000067CL,1
"Сверло к/х ф15,5 шлиф.",AG-000068CL,1
"Сверло к/х ф15,75 шлиф.",AG-000069CL,1
"Сверло к/х ф16,0 шлиф.",AG-000070CL,1
"Сверло к/х ф16,25 шлиф.",AG-000071CL,1
"Сверло к/х ф16,5 шлиф.",AG-000072CL,1
"Сверло к/х ф16,75 шлиф.",AG-000073CL,1
"Сверло к/х ф17,0 шлиф.",AG-000074CL,1
"Сверло к/х ф17,25 шлиф.",AG-000075CL,1
"Сверло к/х ф17,4 шлиф.",AG-000076CL,1
"Сверло к/х ф17,5 шлиф.",AG-000077CL,1
"Сверло к/х ф17,75 шлиф.",AG-000078CL,1
"Сверло к/х ф18,0 шлиф.",AG-000079CL,1
"Сверло к/х ф18,25 шлиф.",AG-000080CL,1
"Сверло к/х ф18,5 шлиф.",AG-000081CL,1
"Сверло к/х ф18,75 шлиф.",AG-000082CL,1
"Сверло к/х ф19,0 шлиф.",AG-000083CL,1
"Сверло к/х ф19,25 шлиф.",AG-000084CL,1
"Сверло к/х ф19,4 шлиф.",AG-000085CL,1
"Сверло к/х ф19,5 шлиф.",AG-000086CL,1
"Сверло к/х ф19,75 шлиф.",AG-000087CL,1
"Сверло к/х ф20,0 шлиф.",AG-000088CL,1
"Сверло к/х ф20,25 шлиф.",AG-000089CL,1
"Сверло к/х ф20,5 шлиф.",AG-000090CL,1
"Сверло к/х ф20,75 шлиф.",AG-000091CL,1
"Сверло к/х ф21,0 шлиф.",AG-000092CL,1
"Сверло к/х ф21,25 шлиф.",AG-000093CL,1
"Сверло к/х ф21,5 шлиф.",AG-000094CL,1
"Сверло к/х ф21,75 шлиф.",AG-000095CL,1
"Сверло к/х ф22,0 шлиф.",AG-000096CL,1
"Сверло к/х ф22,25 шлиф.",AG-000097CL,1
"Сверло к/х ф22,5 шлиф.",AG-000098CL,1
"Сверло к/х ф22,75 шлиф.",AG-000099CL,1
"Сверло к/х ф23,0 шлиф.",AG-000100CL,1
"Сверло к/х ф23,25 шлиф.",AG-000101CL,1
"Сверло к/х ф23,5 шлиф.",AG-000102CL,1
"Сверло к/х ф23,7 шлиф.",AG-000103CL,1
"Сверло к/х ф23,75 шлиф.",AG-000104CL,1
"Сверло к/х ф24,0 шлиф.",AG-000105CL,1
"Сверло к/х ф24,25 шлиф.",AG-000106CL,1
"Сверло к/х ф24,5 шлиф.",AG-000107CL,1
"Сверло к/х ф24,75 шлиф.",AG-000108CL,1
"Сверло к/х ф25,0 шлиф.",AG-000109CL,1
"Сверло к/х ф25,25 шлиф.",AG-000110CL,1
"Сверло к/х ф25,5 шлиф.",AG-000111CL,1
"Сверло к/х ф25,75 шлиф.",AG-000112CL,1
"Сверло к/х ф26,0 шлиф.",AG-000113CL,1
"Сверло к/х ф26,25 шлиф.",AG-000114CL,1
"Сверло к/х ф26,4 шлиф.",AG-000115CL,1
"Сверло к/х ф26,5 шлиф.",AG-000116CL,1
"Сверло к/х ф26,75 шлиф.",AG-000117CL,1
"Сверло к/х ф27,0 шлиф.",AG-000118CL,1
"Сверло к/х ф27,25 шлиф.",AG-000119CL,1
"Сверло к/х ф27,5 шлиф.",AG-000120CL,1
"Сверло к/х ф27,75 шлиф.",AG-000121CL,1
"Сверло к/х ф28,0 шлиф.",AG-000122CL,1
"Сверло к/х ф28,25 шлиф.",AG-000123CL,1
"Сверло к/х ф28,5 шлиф.",AG-000124CL,1
"Сверло к/х ф28,75 шлиф.",AG-000125CL,1
"Сверло к/х ф29,0 шлиф.",AG-000126CL,1
"Сверло к/х ф29,25 шлиф.",AG-000127CL,1
"Сверло к/х ф29,5 шлиф.",AG-000128CL,1
"Сверло к/х ф29,75 шлиф.",AG-000129CL,1
"Сверло к/х ф30,0 шлиф.",AG-000130CL,1
"Сверло к/х ф30,25 шлиф.",AG-000131CL,1
"Сверло к/х ф30,5 шлиф.",AG-000132CL,1
"Сверло к/х ф31,0 шлиф.",AG-000133CL,1
"Сверло к/х ф31,5 шлиф.",AG-000135CL,1
"Сверло к/х ф32,0 шлиф.",AG-000136CL,1
"Сверло к/х ф32,5 шлиф.",AG-000137CL,1
"Сверло к/х ф33,0 шлиф.",AG-000138CL,1
"Сверло к/х ф33,5 шлиф.",AG-000139CL,1
"Сверло к/х ф34,0 шлиф.",AG-000140CL,1
"Сверло к/х ф34,5 шлиф.",AG-000141CL,1
"Сверло к/х ф35,0 шлиф.",AG-000142CL,1
"Сверло к/х ф35,5 шлиф.",AG-000143CL,1
"Сверло к/х ф36,0 шлиф.",AG-000144CL,1
"Сверло к/х ф37,0 шлиф.",AG-000145CL,1
"Сверло к/х ф37,5 шлиф.",AG-000146CL,1
"Сверло к/х ф38,0 шлиф.",AG-000147CL,1
"Сверло к/х ф39,0 шлиф.",AG-000148CL,1
"Сверло к/х ф39,5 шлиф.",AG-000149CL,1
"Сверло к/х ф40,0 шлиф.",AG-000150CL,1
"Сверло к/х ф40,5 шлиф.",AG-000151CL,1
"Сверло к/х ф41,0 шлиф.",AG-000152CL,1
"Сверло к/х ф41,5 шлиф.",AG-000153CL,1
"Сверло к/х ф42,0 шлиф.",AG-000154CL,1
"Сверло к/х ф42,5 шлиф.",AG-000155CL,1
"Сверло к/х ф43,0 шлиф.",AG-000156CL,1
"Сверло к/х ф44,0 шлиф.",AG-000157CL,1
"Сверло к/х ф45,0 шлиф.",AG-000158CL,1
"Сверло к/х ф46,0 шлиф.",AG-000159CL,1
"Сверло к/х ф46,5 шлиф.",AG-000160CL,1
"Сверло к/х ф47,0 шлиф.",AG-000161CL,1
"Сверло к/х ф47,5 шлиф.",AG-000162CL,1
"Сверло к/х ф48,0 шлиф.",AG-000163CL,1
"Сверло к/х ф48,5 шлиф.",AG-000164CL,1
"Сверло к/х ф49,0 шлиф.",AG-000165CL,1
"Сверло к/х ф50,0 шлиф.",AG-000166CL,1
"Сверло к/х ф51,0 шлиф.",AG-000167CL,1
"Сверло к/х ф52,0 шлиф.",AG-000168CL,1
"Сверло к/х ф53,0 шлиф.",AG-000169CL,1
"Сверло к/х ф54,0 шлиф.",AG-000170CL,1
"Сверло к/х ф55,0 шлиф.",AG-000171CL,1
"Сверло к/х ф56,0 шлиф.",AG-000172CL,1
"Сверло к/х ф57,0 шлиф.",AG-000173CL,1
"Сверло к/х ф58,0 шлиф.",AG-000174CL,1
"Сверло к/х ф59,0 шлиф.",AG-000175CL,1
"Сверло к/х ф60,0 шлиф.",AG-000176CL,1
"Сверло к/х ф61,0 шлиф.",AG-000177CL,1
"Сверло к/х ф62,0 шлиф.",AG-000178CL,1
"Сверло к/х ф63,0 шлиф.",AG-000179CL,1
"Сверло к/х ф64,0 шлиф.",AG-000180CL,1
"Сверло к/х ф65,0 шлиф.",AG-000181CL,1
"Сверло к/х ф66,0 шлиф.",AG-000182CL,1
"Сверло к/х ф67,0 шлиф.",AG-000183CL,1
"Сверло к/х ф68,0 шлиф.",AG-000184CL,1
"Сверло к/х ф69,0 шлиф.",AG-000185CL,1
"Сверло к/х ф70,0 шлиф.",AG-000186CL,1
"Сверло к/х ф71,0 шлиф.",AG-000187CL,1
"Сверло к/х ф72,0 шлиф.",AG-000188CL,1
"Сверло к/х ф73,0 шлиф.",AG-000189CL,1
"Сверло к/х ф74,0 шлиф.",AG-000190CL,1
"Сверло к/х ф75,0 шлиф.",AG-000191CL,1
"Сверло к/х ф76,0 шлиф.",AG-000192CL,1
"Сверло к/х ф78,0 шлиф.",AG-000193CL,1
"Сверло к/х ф80,0 шлиф.",AG-000194CL,1
"Набор сверл по металлу НС21И от 1 до 10 шаг 0,5, 19шт. Р6М5 TiN",ADT-НСЦХ1-10Т6542,1
"сверло ц/х ф0,50 Р6М5К5 А1",ADT-СМЦХ005СТ,1
"сверло ц/х ф0,50 Р6М5К5 А1",ADT-СМЦХ005СК,1
"сверло ц/х ф0,60 Р6М5К5 А1",ADT-СМЦХ006СК,1
"сверло ц/х ф0,60 Р6М5К5 А1",ADT-СМЦХ006СТ,1
"сверло ц/х ф0,70 Р6М5К5 А1",ADT-СМЦХ007СК,1
"сверло ц/х ф0,70 Р6М5К5 А1",ADT-СМЦХ007СТ,1
"сверло ц/х ф0,80 Р6М5К5 А1",ADT-СМЦХ008СТ,1
"сверло ц/х ф0,80 Р6М5К5 А1",ADT-СМЦХ008СК,1
"сверло ц/х ф0,90 Р6М5К5 А1",ADT-СМЦХ009СТ,1
"сверло ц/х ф0,90 Р6М5К5 А1",ADT-СМЦХ009СК,1
"сверло ц/х ф1,00 Р6М5К5 А1",ADT-СМЦХ010СТ,1
"сверло ц/х ф1,00 Р6М5К5 А1",ADT-СМЦХ010СК,1
"сверло ц/х ф1,10 Р6М5К5 А1",ADT-СМЦХ011СТ,1
"сверло ц/х ф1,10 Р6М5К5 А1",ADT-СМЦХ011СК,1
"сверло ц/х ф1,20 Р6М5К5 А1",ADT-СМЦХ012СТ,1
"сверло ц/х ф1,20 Р6М5К5 А1",ADT-СМЦХ012СК,1
"сверло ц/х ф1,30 Р6М5К5 А1",ADT-СМЦХ013СТ,1
"сверло ц/х ф1,30 Р6М5К5 А1",ADT-СМЦХ013СК,1
"сверло ц/х ф1,40 Р6М5К5 А1",ADT-СМЦХ014СТ,1
"сверло ц/х ф1,40 Р6М5К5 А1",ADT-СМЦХ014СК,1
"сверло ц/х ф1,50 Р6М5К5 А1",ADT-СМЦХ015СТ,1
"сверло ц/х ф1,50 Р6М5К5 А1",ADT-СМЦХ015СК,1
"сверло ц/х ф1,60 Р6М5К5 А1",ADT-СМЦХ016СТ,1
"сверло ц/х ф1,60 Р6М5К5 А1",ADT-СМЦХ016СК,1
"сверло ц/х ф1,70 Р6М5К5 А1",ADT-СМЦХ017СТ,1
"сверло ц/х ф1,70 Р6М5К5 А1",ADT-СМЦХ017СК,1
"сверло ц/х ф1,80 Р6М5К5 А1",ADT-СМЦХ018СК,1
"сверло ц/х ф1,80 Р6М5К5 А1",ADT-СМЦХ018СТ,1
"сверло ц/х ф1,90 Р6М5К5 А1",ADT-СМЦХ019СТ,1
"сверло ц/х ф1,90 Р6М5К5 А1",ADT-СМЦХ019СК,1
"сверло ц/х ф10,00 Р6М5К5 А1",ADT-СМЦХ100СТ,1
"сверло ц/х ф10,00 Р6М5К5 А1",ADT-СМЦХ100СК,1
"сверло ц/х ф10,10 Р6М5К5 А1",ADT-СМЦХ101СК,1
"сверло ц/х ф10,10 Р6М5К5 А1",ADT-СМЦХ101СТ,1
"сверло ц/х ф10,20 Р6М5К5 А1",ADT-СМЦХ102СТ,1
"сверло ц/х ф10,20 Р6М5К5 А1",ADT-СМЦХ102СК,1
"сверло ц/х ф10,30 Р6М5К5 А1",ADT-СМЦХ103СК,1
"сверло ц/х ф10,30 Р6М5К5 А1",ADT-СМЦХ103СТ,1
"сверло ц/х ф10,40 Р6М5К5 А1",ADT-СМЦХ104СК,1
"сверло ц/х ф10,40 Р6М5К5 А1",ADT-СМЦХ104СТ,1
"сверло ц/х ф10,50 Р6М5К5 А1",ADT-СМЦХ105СТ,1
"сверло ц/х ф10,50 Р6М5К5 А1",ADT-СМЦХ105СК,1
"сверло ц/х ф10,60 Р6М5К5 А1",ADT-СМЦХ106СК,1
"сверло ц/х ф10,60 Р6М5К5 А1",ADT-СМЦХ106СТ,1
"сверло ц/х ф10,70 Р6М5К5 А1",ADT-СМЦХ107СК,1
"сверло ц/х ф10,70 Р6М5К5 А1",ADT-СМЦХ107СТ,1
"сверло ц/х ф10,80 Р6М5К5 А1",ADT-СМЦХ108СТ,1
"сверло ц/х ф10,90 Р6М5К5 А1",ADT-СМЦХ109СТ,1
"сверло ц/х ф11,00 Р6М5К5 А1",ADT-СМЦХ110СТ,1
"сверло ц/х ф11,00 Р6М5К5 А1",ADT-СМЦХ110СК,1
"сверло ц/х ф11,10 Р6М5К5 А1",ADT-СМЦХ111СК,1
"сверло ц/х ф11,10 Р6М5К5 А1",ADT-СМЦХ111СТ,1
"сверло ц/х ф11,20 Р6М5К5 А1",ADT-СМЦХ112СК,1
"сверло ц/х ф11,20 Р6М5К5 А1",ADT-СМЦХ112СТ,1
"сверло ц/х ф11,30 Р6М5К5 А1",ADT-СМЦХ113СК,1
"сверло ц/х ф11,30 Р6М5К5 А1",ADT-СМЦХ113СТ,1
"сверло ц/х ф11,40 Р6М5К5 А1",ADT-СМЦХ114СК,1
"сверло ц/х ф11,40 Р6М5К5 А1",ADT-СМЦХ114СТ,1
"сверло ц/х ф11,50 Р6М5К5 А1",ADT-СМЦХ115СТ,1
"сверло ц/х ф11,50 Р6М5К5 А1",ADT-СМЦХ115СК,1
"сверло ц/х ф11,60 Р6М5К5 А1",ADT-СМЦХ116СТ,1
"сверло ц/х ф11,70 Р6М5К5 А1",ADT-СМЦХ117СТ,1
"сверло ц/х ф11,80 Р6М5К5 А1",ADT-СМЦХ118СТ,1
"сверло ц/х ф11,90 Р6М5К5 А1",ADT-СМЦХ119СТ,1
"сверло ц/х ф12,00 Р6М5К5 А1",ADT-СМЦХ120СТ,1
"сверло ц/х ф12,00 Р6М5К5 А1",ADT-СМЦХ120СК,1
"сверло ц/х ф12,20 Р6М5К5 А1",ADT-СМЦХ122СТ,1
"сверло ц/х ф12,50 Р6М5К5 А1",ADT-СМЦХ125СТ,1
"сверло ц/х ф12,50 Р6М5К5 А1",ADT-СМЦХ125СК,1
"сверло ц/х ф13,00 Р6М5К5 А1",ADT-СМЦХ130СТ,1
"сверло ц/х ф13,00 Р6М5К5 А1",ADT-СМЦХ130СК,1
"сверло ц/х ф13,50 Р6М5К5 А1",ADT-СМЦХ135СК,1
"сверло ц/х ф14,00 Р6М5К5 А1",ADT-СМЦХ140СК,1
"сверло ц/х ф17,00 Р6М5К5 А1",ADT-СМЦХ170СК,1
"сверло ц/х ф19,50 Р6М5К5 А1",ADT-СМЦХ195СК,1
"сверло ц/х ф2,00 Р6М5К5 А1",ADT-СМЦХ020СТ,1
"сверло ц/х ф2,00 Р6М5К5 А1",ADT-СМЦХ020СК,1
"сверло ц/х ф2,10 Р6М5К5 А1",ADT-СМЦХ021СТ,1
"сверло ц/х ф2,10 Р6М5К5 А1",ADT-СМЦХ021СК,1
"сверло ц/х ф2,20 Р6М5К5 А1",ADT-СМЦХ022СТ,1
"сверло ц/х ф2,20 Р6М5К5 А1",ADT-СМЦХ022СК,1
"сверло ц/х ф2,30 Р6М5К5 А1",ADT-СМЦХ023СТ,1
"сверло ц/х ф2,30 Р6М5К5 А1",ADT-СМЦХ023СК,1
"сверло ц/х ф2,40 Р6М5К5 А1",ADT-СМЦХ024СТ,1
"сверло ц/х ф2,40 Р6М5К5 А1",ADT-СМЦХ024СК,1
"сверло ц/х ф2,50 Р6М5К5 А1",ADT-СМЦХ025СТ,1
"сверло ц/х ф2,50 Р6М5К5 А1",ADT-СМЦХ025СК,1
"сверло ц/х ф2,60 Р6М5К5 А1",ADT-СМЦХ026СК,1
"сверло ц/х ф2,60 Р6М5К5 А1",ADT-СМЦХ026СТ,1
"сверло ц/х ф2,70 Р6М5К5 А1",ADT-СМЦХ027СК,1
"сверло ц/х ф2,70 Р6М5К5 А1",ADT-СМЦХ027СТ,1
"сверло ц/х ф2,80 Р6М5К5 А1",ADT-СМЦХ028СТ,1
"сверло ц/х ф2,80 Р6М5К5 А1",ADT-СМЦХ028СК,1
"сверло ц/х ф2,90 Р6М5К5 А1",ADT-СМЦХ029СТ,1
"сверло ц/х ф2,90 Р6М5К5 А1",ADT-СМЦХ029СК,1
"сверло ц/х ф20,00 Р6М5К5 А1",ADT-СМЦХ200СК,1
"сверло ц/х ф3,00 Р6М5К5 А1",ADT-СМЦХ030СТ,1
"сверло ц/х ф3,00 Р6М5К5 А1",ADT-СМЦХ030СК,1
"сверло ц/х ф3,10 Р6М5К5 А1",ADT-СМЦХ031СТ,1
"сверло ц/х ф3,10 Р6М5К5 А1",ADT-СМЦХ031СК,1
"сверло ц/х ф3,20 Р6М5К5 А1",ADT-СМЦХ032СТ,1
"сверло ц/х ф3,20 Р6М5К5 А1",ADT-СМЦХ032СК,1
"сверло ц/х ф3,30 Р6М5К5 А1",ADT-СМЦХ033СТ,1
"сверло ц/х ф3,30 Р6М5К5 А1",ADT-СМЦХ033СК,1
"сверло ц/х ф3,40 Р6М5К5 А1",ADT-СМЦХ034СТ,1
"сверло ц/х ф3,40 Р6М5К5 А1",ADT-СМЦХ034СК,1
"сверло ц/х ф3,50 Р6М5К5 А1",ADT-СМЦХ035СТ,1
"сверло ц/х ф3,50 Р6М5К5 А1",ADT-СМЦХ035СК,1
"сверло ц/х ф3,60 Р6М5К5 А1",ADT-СМЦХ036СТ,1
"сверло ц/х ф3,60 Р6М5К5 А1",ADT-СМЦХ036СК,1
"сверло ц/х ф3,70 Р6М5К5 А1",ADT-СМЦХ037СТ,1
"сверло ц/х ф3,70 Р6М5К5 А1",ADT-СМЦХ037СК,1
"сверло ц/х ф3,80 Р6М5К5 А1",ADT-СМЦХ038СК,1
"сверло ц/х ф3,80 Р6М5К5 А1",ADT-СМЦХ038СТ,1
"сверло ц/х ф3,90 Р6М5К5 А1",ADT-СМЦХ039СТ,1
"сверло ц/х ф3,90 Р6М5К5 А1",ADT-СМЦХ039СК,1
"сверло ц/х ф4,00 Р6М5К5 А1",ADT-СМЦХ040СТ,1
"сверло ц/х ф4,00 Р6М5К5 А1",ADT-СМЦХ040СК,1
"сверло ц/х ф4,10 Р6М5К5 А1",ADT-СМЦХ041СК,1
"сверло ц/х ф4,10 Р6М5К5 А1",ADT-СМЦХ041СТ,1
"сверло ц/х ф4,20 Р6М5К5 А1",ADT-СМЦХ042СТ,1
"сверло ц/х ф4,20 Р6М5К5 А1",ADT-СМЦХ042СК,1
"сверло ц/х ф4,30 Р6М5К5 А1",ADT-СМЦХ043СТ,1
"сверло ц/х ф4,30 Р6М5К5 А1",ADT-СМЦХ043СК,1
"сверло ц/х ф4,40 Р6М5К5 А1",ADT-СМЦХ044СК,1
"сверло ц/х ф4,40 Р6М5К5 А1",ADT-СМЦХ044СТ,1
"сверло ц/х ф4,50 Р6М5К5 А1",ADT-СМЦХ045СТ,1
"сверло ц/х ф4,50 Р6М5К5 А1",ADT-СМЦХ045СК,1
"сверло ц/х ф4,60 Р6М5К5 А1",ADT-СМЦХ046СТ,1
"сверло ц/х ф4,60 Р6М5К5 А1",ADT-СМЦХ046СК,1
"сверло ц/х ф4,70 Р6М5К5 А1",ADT-СМЦХ047СТ,1
"сверло ц/х ф4,70 Р6М5К5 А1",ADT-СМЦХ047СК,1
"сверло ц/х ф4,80 Р6М5К5 А1",ADT-СМЦХ048СК,1
"сверло ц/х ф4,80 Р6М5К5 А1",ADT-СМЦХ048СТ,1
"сверло ц/х ф4,90 Р6М5К5 А1",ADT-СМЦХ049СТ,1
"сверло ц/х ф4,90 Р6М5К5 А1",ADT-СМЦХ049СК,1
"сверло ц/х ф5,00 Р6М5К5 А1",ADT-СМЦХ050СТ,1
"сверло ц/х ф5,00 Р6М5К5 А1",ADT-СМЦХ050СК,1
"сверло ц/х ф5,10 Р6М5К5 А1",ADT-СМЦХ051СТ,1
"сверло ц/х ф5,10 Р6М5К5 А1",ADT-СМЦХ051СК,1
"сверло ц/х ф5,20 Р6М5К5 А1",ADT-СМЦХ052СТ,1
"сверло ц/х ф5,20 Р6М5К5 А1",ADT-СМЦХ052СК,1
"сверло ц/х ф5,30 Р6М5К5 А1",ADT-СМЦХ053СТ,1
"сверло ц/х ф5,30 Р6М5К5 А1",ADT-СМЦХ053СК,1
"сверло ц/х ф5,40 Р6М5К5 А1",ADT-СМЦХ054СТ,1
"сверло ц/х ф5,40 Р6М5К5 А1",ADT-СМЦХ054СК,1
"сверло ц/х ф5,50 Р6М5К5 А1",ADT-СМЦХ055СТ,1
"сверло ц/х ф5,50 Р6М5К5 А1",ADT-СМЦХ055СК,1
"сверло ц/х ф5,60 Р6М5К5 А1",ADT-СМЦХ056СТ,1
"сверло ц/х ф5,60 Р6М5К5 А1",ADT-СМЦХ056СК,1
"сверло ц/х ф5,70 Р6М5К5 А1",ADT-СМЦХ057СТ,1
"сверло ц/х ф5,70 Р6М5К5 А1",ADT-СМЦХ057СК,1
"сверло ц/х ф5,80 Р6М5К5 А1",ADT-СМЦХ058СТ,1
"сверло ц/х ф5,80 Р6М5К5 А1",ADT-СМЦХ058СК,1
"сверло ц/х ф5,90 Р6М5К5 А1",ADT-СМЦХ059СТ,1
"сверло ц/х ф5,90 Р6М5К5 А1",ADT-СМЦХ059СК,1
"сверло ц/х ф6,00 Р6М5К5 А1",ADT-СМЦХ060СТ,1
"сверло ц/х ф6,00 Р6М5К5 А1",ADT-СМЦХ060СК,1
"сверло ц/х ф6,10 Р6М5К5 А1",ADT-СМЦХ061СТ,1
"сверло ц/х ф6,10 Р6М5К5 А1",ADT-СМЦХ061СК,1
"сверло ц/х ф6,20 Р6М5К5 А1",ADT-СМЦХ062СТ,1
"сверло ц/х ф6,20 Р6М5К5 А1",ADT-СМЦХ062СК,1
"сверло ц/х ф6,30 Р6М5К5 А1",ADT-СМЦХ063СТ,1
"сверло ц/х ф6,30 Р6М5К5 А1",ADT-СМЦХ063СК,1
"сверло ц/х ф6,40 Р6М5К5 А1",ADT-СМЦХ064СТ,1
"сверло ц/х ф6,40 Р6М5К5 А1",ADT-СМЦХ064СК,1
"сверло ц/х ф6,50 Р6М5К5 А1",ADT-СМЦХ065СТ,1
"сверло ц/х ф6,50 Р6М5К5 А1",ADT-СМЦХ065СК,1
"сверло ц/х ф6,60 Р6М5К5 А1",ADT-СМЦХ066СТ,1
"сверло ц/х ф6,60 Р6М5К5 А1",ADT-СМЦХ066СК,1
"сверло ц/х ф6,70 Р6М5К5 А1",ADT-СМЦХ067СТ,1
"сверло ц/х ф6,70 Р6М5К5 А1",ADT-СМЦХ067СК,1
"сверло ц/х ф6,80 Р6М5К5 А1",ADT-СМЦХ068СТ,1
"сверло ц/х ф6,80 Р6М5К5 А1",ADT-СМЦХ068СК,1
"сверло ц/х ф6,90 Р6М5К5 А1",ADT-СМЦХ069СТ,1
"сверло ц/х ф6,90 Р6М5К5 А1",ADT-СМЦХ069СК,1
"сверло ц/х ф7,00 Р6М5К5 А1",ADT-СМЦХ070СТ,1
"сверло ц/х ф7,00 Р6М5К5 А1",ADT-СМЦХ070СК,1
"сверло ц/х ф7,10 Р6М5К5 А1",ADT-СМЦХ071СТ,1
"сверло ц/х ф7,10 Р6М5К5 А1",ADT-СМЦХ071СК,1
"сверло ц/х ф7,20 Р6М5К5 А1",ADT-СМЦХ072СТ,1
"сверло ц/х ф7,20 Р6М5К5 А1",ADT-СМЦХ072СК,1
"сверло ц/х ф7,30 Р6М5К5 А1",ADT-СМЦХ073СТ,1
"сверло ц/х ф7,30 Р6М5К5 А1",ADT-СМЦХ073СК,1
"сверло ц/х ф7,40 Р6М5К5 А1",ADT-СМЦХ074СТ,1
"сверло ц/х ф7,40 Р6М5К5 А1",ADT-СМЦХ074СК,1
"сверло ц/х ф7,50 Р6М5К5 А1",ADT-СМЦХ075СТ,1
"сверло ц/х ф7,50 Р6М5К5 А1",ADT-СМЦХ075СК,1
"сверло ц/х ф7,60 Р6М5К5 А1",ADT-СМЦХ076СТ,1
"сверло ц/х ф7,60 Р6М5К5 А1",ADT-СМЦХ076СК,1
"сверло ц/х ф7,70 Р6М5К5 А1",ADT-СМЦХ077СТ,1
"сверло ц/х ф7,70 Р6М5К5 А1",ADT-СМЦХ077СК,1
"сверло ц/х ф7,80 Р6М5К5 А1",ADT-СМЦХ078СТ,1
"сверло ц/х ф7,80 Р6М5К5 А1",ADT-СМЦХ078СК,1
"сверло ц/х ф7,90 Р6М5К5 А1",ADT-СМЦХ079СТ,1
"сверло ц/х ф7,90 Р6М5К5 А1",ADT-СМЦХ079СК,1
"сверло ц/х ф8,00 Р6М5К5 А1",ADT-СМЦХ080СТ,1
"сверло ц/х ф8,00 Р6М5К5 А1",ADT-СМЦХ080СК,1
"сверло ц/х ф8,10 Р6М5К5 А1",ADT-СМЦХ081СК,1
"сверло ц/х ф8,10 Р6М5К5 А1",ADT-СМЦХ081СТ,1
"сверло ц/х ф8,20 Р6М5К5 А1",ADT-СМЦХ082СК,1
"сверло ц/х ф8,20 Р6М5К5 А1",ADT-СМЦХ082СТ,1
"сверло ц/х ф8,30 Р6М5К5 А1",ADT-СМЦХ083СК,1
"сверло ц/х ф8,30 Р6М5К5 А1",ADT-СМЦХ083СТ,1
"сверло ц/х ф8,40 Р6М5К5 А1",ADT-СМЦХ084СТ,1
"сверло ц/х ф8,50 Р6М5К5 А1",ADT-СМЦХ085СТ,1
"сверло ц/х ф8,50 Р6М5К5 А1",ADT-СМЦХ085СК,1
"сверло ц/х ф8,60 Р6М5К5 А1",ADT-СМЦХ086СК,1
"сверло ц/х ф8,60 Р6М5К5 А1",ADT-СМЦХ086СТ,1
"сверло ц/х ф8,70 Р6М5К5 А1",ADT-СМЦХ087СК,1
"сверло ц/х ф8,70 Р6М5К5 А1",ADT-СМЦХ087СТ,1
"сверло ц/х ф8,80 Р6М5К5 А1",ADT-СМЦХ088СК,1
"сверло ц/х ф8,80 Р6М5К5 А1",ADT-СМЦХ088СТ,1
"сверло ц/х ф8,90 Р6М5К5 А1",ADT-СМЦХ089СК,1
"сверло ц/х ф8,90 Р6М5К5 А1",ADT-СМЦХ089СТ,1
"сверло ц/х ф9,00 Р6М5К5 А1",ADT-СМЦХ090СТ,1
"сверло ц/х ф9,00 Р6М5К5 А1",ADT-СМЦХ090СК,1
"сверло ц/х ф9,10 Р6М5К5 А1",ADT-СМЦХ091СК,1
"сверло ц/х ф9,10 Р6М5К5 А1",ADT-СМЦХ091СТ,1
"сверло ц/х ф9,20 Р6М5К5 А1",ADT-СМЦХ092СК,1
"сверло ц/х ф9,20 Р6М5К5 А1",ADT-СМЦХ092СТ,1
"сверло ц/х ф9,30 Р6М5К5 А1",ADT-СМЦХ093СТ,1
"сверло ц/х ф9,40 Р6М5К5 А1",ADT-СМЦХ094СК,1
"сверло ц/х ф9,40 Р6М5К5 А1",ADT-СМЦХ094СТ,1
"сверло ц/х ф9,50 Р6М5К5 А1",ADT-СМЦХ095СТ,1
"сверло ц/х ф9,50 Р6М5К5 А1",ADT-СМЦХ095СК,1
"сверло ц/х ф9,60 Р6М5К5 А1",ADT-СМЦХ096СК,1
"сверло ц/х ф9,60 Р6М5К5 А1",ADT-СМЦХ096СТ,1
"сверло ц/х ф9,70 Р6М5К5 А1",ADT-СМЦХ097СТ,1
"сверло ц/х ф9,80 Р6М5К5 А1",ADT-СМЦХ098СК,1
"сверло ц/х ф9,80 Р6М5К5 А1",ADT-СМЦХ098СТ,1
"сверло ц/х ф9,90 Р6М5К5 А1",ADT-СМЦХ099СК,1
"сверло ц/х ф9,90 Р6М5К5 А1",ADT-СМЦХ099СТ,1
"сверло ц/х ф8,40 Р6М5К5 А1",ADT-СМЦХ084СК,1
"сверло ц/х ф9,30 Р6М5К5 А1",ADT-СМЦХ093СК,1
"сверло ц/х ф9,70 Р6М5К5 А1",ADT-СМЦХ097СК,1
"сверло ц/х ф10,80 Р6М5К5 А1",ADT-СМЦХ108СК,1
"сверло ц/х ф10,90 Р6М5К5 А1",ADT-СМЦХ109СК,1
"сверло ц/х ф11,80 Р6М5К5 А1",ADT-СМЦХ118СК,1
"сверло ц/х ф11,90 Р6М5К5 А1",ADT-СМЦХ119СК,1
"сверло ц/х ф11,60 Р6М5К5 А1",ADT-СМЦХ116СК,1
"сверло ц/х ф12,20 Р6М5К5 А1",ADT-СМЦХ122СК,1
"сверло ц/х ф11,70 Р6М5К5 А1",ADT-СМЦХ117СК,1
"сверло ц/х ф14,50 Р6М5К5 А1",ADT-СМЦХ145СК,1
"сверло ц/х ф15,00 Р6М5К5 А1",ADT-СМЦХ150СК,1
"сверло ц/х ф15,50 Р6М5К5 А1",ADT-СМЦХ155СК,1
"сверло ц/х ф16,00 Р6М5К5 А1",ADT-СМЦХ160СК,1
"сверло ц/х ф16,50 Р6М5К5 А1",ADT-СМЦХ165СК,1
"сверло ц/х ф17,50 Р6М5К5 А1",ADT-СМЦХ175СК,1
"сверло ц/х ф18,00 Р6М5К5 А1",ADT-СМЦХ180СК,1
"сверло ц/х ф18,50 Р6М5К5 А1",ADT-СМЦХ185СК,1
"сверло ц/х ф19,00 Р6М5К5 А1",ADT-СМЦХ190СК,1
"сверло ц/х ф1,00 Р6М5 А1",ADT-000288PR,1
"сверло ц/х ф1,10 Р6М5 А1",ADT-000289PR,1
"сверло ц/х ф1,20 Р6М5 А1",ADT-000290PR,1
"сверло ц/х ф1,30 Р6М5 А1",ADT-000291PR,1
"сверло ц/х ф1,40 Р6М5 А1",ADT-000292PR,1
"сверло ц/х ф1,50 Р6М5 А1",ADT-000293PR,1
"сверло ц/х ф0,50 Р6М5 А1",ADT-000283PR,1
"сверло ц/х ф0,60 Р6М5 А1",ADT-000284PR,1
"сверло ц/х ф0,70 Р6М5 А1",ADT-000285PR,1
"сверло ц/х ф0,80 Р6М5 А1",ADT-000286PR,1
"сверло ц/х ф0,90 Р6М5 А1",ADT-000287PR,1
"сверло ц/х ф1,60 Р6М5 А1",ADT-000294PR,1
"сверло ц/х ф1,70 Р6М5 А1",ADT-000295PR,1
"сверло ц/х ф1,80 Р6М5 А1",ADT-000296PR,1
"сверло ц/х ф1,90 Р6М5 А1",ADT-000297PR,1
"сверло ц/х ф2,00 Р6М5 А1",ADT-000298PR,1
"сверло ц/х ф2,10 Р6М5 А1",ADT-000299PR,1
"сверло ц/х ф2,20 Р6М5 А1",ADT-000300PR,1
"сверло ц/х ф2,30 Р6М5 А1",ADT-000301PR,1
"сверло ц/х ф2,40 Р6М5 А1",ADT-000302PR,1
"сверло ц/х ф2,50 Р6М5 А1",ADT-000303PR,1
"сверло ц/х ф2,60 Р6М5 А1",ADT-000304PR,1
"сверло ц/х ф2,70 Р6М5 А1",ADT-000305PR,1
"сверло ц/х ф2,80 Р6М5 А1",ADT-000306PR,1
"сверло ц/х ф2,90 Р6М5 А1",ADT-000307PR,1
"сверло ц/х ф3,00 Р6М5 А1",ADT-000308PR,1
"сверло ц/х ф3,10 Р6М5 А1",ADT-000309PR,1
"сверло ц/х ф3,20 Р6М5 А1",ADT-000310PR,1
"сверло ц/х ф3,30 Р6М5 А1",ADT-000311PR,1
"сверло ц/х ф3,40 Р6М5 А1",ADT-000312PR,1
"сверло ц/х ф3,50 Р6М5 А1",ADT-000313PR,1
"сверло ц/х ф3,60 Р6М5 А1",ADT-000314PR,1
"сверло ц/х ф3,70 Р6М5 А1",ADT-000315PR,1
"сверло ц/х ф3,80 Р6М5 А1",ADT-000316PR,1
"сверло ц/х ф3,90 Р6М5 А1",ADT-000317PR,1
"сверло ц/х ф4,00 Р6М5 А1",ADT-000318PR,1
"сверло ц/х ф4,10 Р6М5 А1",ADT-000319PR,1
"сверло ц/х ф4,20 Р6М5 А1",ADT-000320PR,1
"сверло ц/х ф4,30 Р6М5 А1",ADT-000321PR,1
"сверло ц/х ф4,40 Р6М5 А1",ADT-000322PR,1
"сверло ц/х ф4,50 Р6М5 А1",ADT-000323PR,1
"сверло ц/х ф4,60 Р6М5 А1",ADT-000324PR,1
"сверло ц/х ф4,70 Р6М5 А1",ADT-000325PR,1
"сверло ц/х ф4,80 Р6М5 А1",ADT-000326PR,1
"сверло ц/х ф4,90 Р6М5 А1",ADT-000327PR,1
"сверло ц/х ф5,00 Р6М5 А1",ADT-000328PR,1
"сверло ц/х ф5,10 Р6М5 А1",ADT-000329PR,1
"сверло ц/х ф5,20 Р6М5 А1",ADT-000330PR,1
"сверло ц/х ф5,30 Р6М5 А1",ADT-000331PR,1
"сверло ц/х ф5,40 Р6М5 А1",ADT-000332PR,1
"сверло ц/х ф5,60 Р6М5 А1",ADT-000334PR,1
"сверло ц/х ф5,70 Р6М5 А1",ADT-000335PR,1
"сверло ц/х ф5,80 Р6М5 А1",ADT-000336PR,1
"сверло ц/х ф5,90 Р6М5 А1",ADT-000337PR,1
"сверло ц/х ф5,50 Р6М5 А1",ADT-000333PR,1
"сверло ц/х ф6,00 Р6М5 А1",ADT-000338PR,1
"сверло ц/х ф6,10 Р6М5 А1",ADT-000339PR,1
"сверло ц/х ф6,20 Р6М5 А1",ADT-000340PR,1
"сверло ц/х ф6,30 Р6М5 А1",ADT-000341PR,1
"сверло ц/х ф6,40 Р6М5 А1",ADT-000342PR,1
"сверло ц/х ф6,50 Р6М5 А1",ADT-000343PR,1
"сверло ц/х ф6,60 Р6М5 А1",ADT-000344PR,1
"сверло ц/х ф6,70 Р6М5 А1",ADT-000345PR,1
"сверло ц/х ф6,80 Р6М5 А1",ADT-000346PR,1
"сверло ц/х ф6,90 Р6М5 А1",ADT-000347PR,1
"сверло ц/х ф7,00 Р6М5 А1",ADT-000348PR,1
"сверло ц/х ф7,10 Р6М5 А1",ADT-000349PR,1
"сверло ц/х ф7,20 Р6М5 А1",ADT-000350PR,1
"сверло ц/х ф7,30 Р6М5 А1",ADT-000351PR,1
"сверло ц/х ф7,40 Р6М5 А1",ADT-000352PR,1
"сверло ц/х ф7,50 Р6М5 А1",ADT-000353PR,1
"сверло ц/х ф7,60 Р6М5 А1",ADT-000354PR,1
"сверло ц/х ф7,70 Р6М5 А1",ADT-000355PR,1
"сверло ц/х ф7,80 Р6М5 А1",ADT-000356PR,1
"сверло ц/х ф7,90 Р6М5 А1",ADT-000357PR,1
"сверло ц/х ф8,00 Р6М5 А1",ADT-000358PR,1
"сверло ц/х ф8,10 Р6М5 А1",ADT-000359PR,1
"сверло ц/х ф8,20 Р6М5 А1",ADT-000360PR,1
"сверло ц/х ф8,30 Р6М5 А1",ADT-000361PR,1
"сверло ц/х ф8,40 Р6М5 А1",ADT-000362PR,1
"сверло ц/х ф8,50 Р6М5 А1",ADT-000363PR,1
"сверло ц/х ф8,60 Р6М5 А1",ADT-000364PR,1
"сверло ц/х ф8,70 Р6М5 А1",ADT-000365PR,1
"сверло ц/х ф8,80 Р6М5 А1",ADT-000366PR,1
"сверло ц/х ф8,90 Р6М5 А1",ADT-000367PR,1
"сверло ц/х ф9,00 Р6М5 А1",ADT-000368PR,1
"сверло ц/х ф9,10 Р6М5 А1",ADT-000369PR,1
"сверло ц/х ф9,20 Р6М5 А1",ADT-000370PR,1
"сверло ц/х ф9,30 Р6М5 А1",ADT-000371PR,1
"сверло ц/х ф9,40 Р6М5 А1",ADT-000372PR,1
"сверло ц/х ф9,50 Р6М5 А1",ADT-000373PR,1
"сверло ц/х ф9,60 Р6М5 А1",ADT-000374PR,1
"сверло ц/х ф9,70 Р6М5 А1",ADT-000375PR,1
"сверло ц/х ф9,80 Р6М5 А1",ADT-000376PR,1
"сверло ц/х ф9,90 Р6М5 А1",ADT-000377PR,1
"сверло ц/х ф10,00 Р6М5 А1",ADT-000378PR,1
"сверло ц/х ф10,10 Р6М5 А1",ADT-000379PR,1
"сверло ц/х ф10,20 Р6М5 А1",ADT-000380PR,1
"сверло ц/х ф10,30 Р6М5 А1",ADT-000381PR,1
"сверло ц/х ф10,40 Р6М5 А1",ADT-000382PR,1
"сверло ц/х ф10,50 Р6М5 А1",ADT-000383PR,1
"сверло ц/х ф10,60 Р6М5 А1",ADT-000384PR,1
"сверло ц/х ф10,70 Р6М5 А1",ADT-000385PR,1
"сверло ц/х ф10,80 Р6М5 А1",ADT-000386PR,1
"сверло ц/х ф10,90 Р6М5 А1",ADT-000387PR,1
"сверло ц/х ф11,00 Р6М5 А1",ADT-000388PR,1
"сверло ц/х ф11,10 Р6М5 А1",ADT-000389PR,1
"сверло ц/х ф11,20 Р6М5 А1",ADT-000390PR,1
"сверло ц/х ф11,30 Р6М5 А1",ADT-000391PR,1
"сверло ц/х ф11,40 Р6М5 А1",ADT-000392PR,1
"сверло ц/х ф11,50 Р6М5 А1",ADT-000393PR,1
"сверло ц/х ф11,60 Р6М5 А1",ADT-000394PR,1
"сверло ц/х ф11,70 Р6М5 А1",ADT-000395PR,1
"сверло ц/х ф11,80 Р6М5 А1",ADT-000396PR,1
"сверло ц/х ф11,90 Р6М5 А1",ADT-000397PR,1
"сверло ц/х ф12,00 Р6М5 А1",ADT-000398PR,1
"сверло ц/х ф12,20 Р6М5 А1",ADT-000399PR,1
"сверло ц/х ф12,50 Р6М5 А1",ADT-000400PR,1
"сверло ц/х ф13,00 Р6М5 А1",ADT-000401PR,1
"сверло ц/х ф14,00 Р6М5 А1",ADT-000402PR,1
"сверло ц/х ф14,50 Р6М5 А1",ADT-000403PR,1
"сверло ц/х ф15,00 Р6М5 А1",ADT-000404PR,1
"сверло ц/х ф15,50 Р6М5 А1",ADT-000405PR,1
"сверло ц/х ф16,00 Р6М5 А1",ADT-000406PR,1
"сверло ц/х ф16,50 Р6М5 А1",ADT-000407PR,1
"сверло ц/х ф17,00 Р6М5 А1",ADT-000408PR,1
"сверло ц/х ф18,00 Р6М5 А1",ADT-000409PR,1
"сверло ц/х ф18,50 Р6М5 А1",ADT-000410PR,1
"сверло ц/х ф19,00 Р6М5 А1",ADT-000411PR,1
"сверло ц/х ф19,50 Р6М5 А1",ADT-000412PR,1
"сверло ц/х ф20,00 Р6М5 А1",ADT-000413PR,1
"плашка М10*0,5 Р6М5",ADT-ПМ1005Р6М5,1
"плашка М10*0,75 Р6М5",ADT-ПМ10075Р6М5,1
"плашка М10*1,0 Р6М5",ADT-ПМ101Р6М5,1
"плашка М10*1,25 Р6М5",ADT-ПМ10125Р6М5,1
"Плашка М10*1,5 осн Р6М5",ADT-ПМ1015Р6М5,1
"плашка М10*0,5",ADT-ПМ1005,1
"плашка М10*0,75",ADT-ПМ10075,1
"плашка М10*1,0",ADT-ПМ1010,1
"плашка М10*1,25",ADT-ПМ10125,1
"плашка М10*1,5 осн",ADT-ПМ1015,1
"плашка М11*1,0 Р6М5",ADT-ПМ111Р6М5,1
"плашка М11*1,25 Р6М5",ADT-ПМ11125Р6М5,1
"Плашка М11*1,5 осн Р6М5",ADT-ПМ1115Р6М5,1
"плашка М12*0,75 Р6М5",ADT-ПМ12075Р6М5,1
"плашка М12*1,0 Р6М5",ADT-ПМ121Р6М5,1
"плашка М12*1,25 Р6М5",ADT-ПМ12125Р6М5,1
"плашка М12*1,5 Р6М5",ADT-ПМ1215Р6М5,1
"Плашка М12*1,75 осн Р6М5",ADT-ПМ12175Р6М5,1
"плашка М12*0,5",ADT-ПМ1205,1
"плашка М12*0,75",ADT-ПМ12075,1
"плашка М12*1,0",ADT-ПМ1210,1
"плашка М12*1,25",ADT-ПМ12125,1
"плашка М12*1,5",ADT-ПМ1215,1
"плашка М12*1,75 осн",ADT-ПМ12175,1
"плашка М14*1,0 Р6М5",ADT-ПМ141Р6М5,1
"плашка М14*1,25 Р6М5",ADT-ПМ14125Р6М5,1
"плашка М14*1,5 Р6М5",ADT-ПМ1415Р6М5,1
"плашка М14*1,75 Р6М5",ADT-ПМ14175Р6М5,1
"Плашка М14*2,0 осн Р6М5",ADT-ПМ142Р6М5,1
"плашка М14*0,5",ADT-ПМ1405,1
"плашка М14*1,0",ADT-ПМ1410,1
"плашка М14*1,25",ADT-ПМ14125,1
"плашка М14*1,5",ADT-ПМ1415,1
"плашка М14*2,0  осн",ADT-ПМ1420,1
"плашка М16*1,0 Р6М5",ADT-ПМ161Р6М5,1
"плашка М16*1,25 Р6М5",ADT-ПМ16125Р6М5,1
"плашка М16*1,5 Р6М5",ADT-ПМ1615Р6М5,1
"Плашка М16*2,0 осн Р6М5",ADT-ПМ162Р6М5,1
"плашка М16*0,5",ADT-ПМ1605,1
"плашка М16*1,0",ADT-ПМ1610,1
"плашка М16*1,5",ADT-ПМ1615,1
"плашка М16*2,0  осн",ADT-ПМ1620,1
"плашка М18*1,0 Р6М5",ADT-ПМ181Р6М5,1
"плашка М18*1,5 Р6М5",ADT-ПМ1815Р6М5,1
"плашка М18*2,0 Р6М5",ADT-ПМ182Р6М5,1
"Плашка М18*2,5 осн Р6М5",ADT-ПМ1825Р6М5,1
"плашка М18*1,0",ADT-ПМ1810,1
"плашка М18*1,5",ADT-ПМ1815,1
"плашка М18*2,0",ADT-ПМ1820,1
"плашка М18*2,5  осн",ADT-ПМ1825,1
"Плашка М2,5*0,45 осн Р6М5",ADT-ПМ25045Р6М5,1
"плашка М 2,5*0,45 осн",ADT-ПМ025045,1
"Плашка М2*0,4 осн Р6М5",ADT-ПМ204Р6М5,1
"плашка М20*1,0 Р6М5",ADT-ПМ201Р6М5,1
"плашка М20*1,5 Р6М5",ADT-ПМ2015Р6М5,1
"плашка М20*2,0 Р6М5",ADT-ПМ202Р6М5,1
"Плашка М20*2,5 осн Р6М5",ADT-ПМ2025Р6М5,1
"плашка М20*1,0",ADT-ПМ2010,1
"плашка М20*1,5",ADT-ПМ2015,1
"плашка М20*2,0",ADT-ПМ2020,1
"плашка М20*2,5  осн",ADT-ПМ2025,1
"плашка М22*1,0 Р6М5",ADT-ПМ221Р6М5,1
"плашка М22*1,5 Р6М5",ADT-ПМ2215Р6М5,1
"плашка М22*2,0 Р6М5",ADT-ПМ222Р6М5,1
"Плашка М22*2,5 осн Р6М5",ADT-ПМ2225Р6М5,1
"плашка М22*1,0",ADT-ПМ2210,1
"плашка М22*1,5",ADT-ПМ2215,1
"плашка М22*2,0",ADT-ПМ2220,1
"плашка М22*2,5  осн",ADT-ПМ2225,1
"плашка М24*1,0 Р6М5",ADT-ПМ241Р6М5,1
"плашка М24*1,5 Р6М5",ADT-ПМ2415Р6М5,1
"плашка М24*2,0 Р6М5",ADT-ПМ242Р6М5,1
"Плашка М24*3,0 осн Р6М5",ADT-ПМ243Р6М5,1
"плашка М24*1,0",ADT-ПМ2410,1
"плашка М24*1,5",ADT-ПМ2415,1
"плашка М24*2,0",ADT-ПМ2420,1
"плашка М24*3,0  осн",ADT-ПМ2430,1
"плашка М27*1,5",ADT-ПМ2715,1
"плашка М27*3,0 осн",ADT-ПМ2730,1
"плашка М 2*0,4 осн",ADT-ПМ0204,1
"Плашка М3*0,5 осн Р6М5",ADT-ПМ305Р6М5,1
"плашка М30*1,5",ADT-ПМ3015,1
"плашка М30*3,5 осн",ADT-ПМ3035,1
"плашка М36*2,0",ADT-ПМ3620,1
"плашка М 3*0,5 осн",ADT-ПМ0305,1
"плашка М4*0,5 Р6М5",ADT-ПМ405Р6М5,1
"Плашка М4*0,7 осн Р6М5",ADT-ПМ407Р6М5,1
"плашка М 4*0,5",ADT-ПМ0405,1
"плашка М 4*0,7 осн",ADT-ПМ0407,1
"плашка М5*0,5 Р6М5",ADT-ПМ505Р6М5,1
"Плашка М5*0,8 осн Р6М5",ADT-ПМ508Р6М5,1
"плашка М 5*0,5",ADT-ПМ0505,1
"плашка М 5*0,8 осн",ADT-ПМ0508,1
"плашка М6*0,5 Р6М5",ADT-ПМ605Р6М5,1
"плашка М6*0,75 Р6М5",ADT-ПМ6075Р6М5,1
"Плашка М6*1,0 осн Р6М5",ADT-ПМ61Р6М5,1
"плашка М 6*0,5",ADT-ПМ0605,1
"плашка М 6*0,75",ADT-ПМ06075,1
"плашка М 6*1,0 осн",ADT-ПМ0601,1
"плашка М7*1,0 Р6М5",ADT-ПМ71Р6М5,1
"плашка М8*0,75 Р6М5",ADT-ПМ8075Р6М5,1
"плашка М8*1,0 Р6М5",ADT-ПМ81Р6М5,1
"Плашка М8*1,25 осн Р6М5",ADT-ПМ8125Р6М5,1
"плашка М8*1,5 Р6М5",ADT-ПМ815Р6М5,1
"плашка М 8*0,75",ADT-ПМ08075,1
"плашка М 8*1,0",ADT-ПМ0801,1
"плашка М 8*1,25 осн",ADT-ПМ08125,1
"плашка М9*1,0 Р6М5",ADT-ПМ91Р6М5,1
"Плашка М9*1,25 осн Р6М5",ADT-ПМ9125Р6М5,1
"метчик м-р М10*0,5",ADT-М1005ГР6М5,1
"метчик м-р М10*0,75",ADT-М10075ГР6М5,1
"метчик м-р М10*1,0 Р6М5",ADT-М1010ГР6М5,1
"метчик м-р М10*1,25 Р6М5",ADT-М10125ГР6М5,1
"метчик м-р М10*1,5 осн глухой",ADT-М1015ГР6М5ГЛ,1
"метчик м-р М10*1,5 осн Р6М5",ADT-М1015ГР6М5,1
"метчик м-р М10*1,5 лев",ADT-М1015ГР6М5Л,1
"метчик м-р М11*1,0 Р6М5",ADT-М1110ГР6М5,1
"метчик м-р М11*1,25 Р6М5",ADT-М11125ГР6М5,1
"метчик м-р М11*1,5 осн Р6М5",ADT-М1115ГР6М5,1
"метчик м-р М12*0,75",ADT-М12075ГР6М5,1
"метчик м-р М12*1,0 Р6М5",ADT-М1210ГР6М5,1
"метчик м-р М12*1,25 Р6М5",ADT-М12125ГР6М5,1
"метчик м-р М12*1,5 глухой",ADT-М1215ГР6М5ГЛ,1
"метчик м-р М12*1,5 Р6М5",ADT-М1215ГР6М5,1
"метчик м-р М12*1,5 лев",ADT-М1215ГР6М5Л,1
"метчик м-р М12*1,75 осн глухой",ADT-М12175ГР6М5ГЛ,1
"метчик м-р М12*1,75 осн Р6М5",ADT-М12175ГР6М5,1
"метчик м-р М12*1,75 лев",ADT-М12175ГР6М5Л,1
"метчик м-р М14*1,0 Р6М5",ADT-М1410ГР6М5,1
"метчик м-р М14*1,0 лев",ADT-М1410ГР6М5Л,1
"метчик м-р М14*1,25 лев",ADT-М14125ГР6М5Л,1
"метчик м-р М14*1,25 Р6М5",ADT-М14125ГР6М5,1
"метчик м-р М14*1,5 Р6М5",ADT-М1415ГР6М5,1
"метчик м-р М14*1,5 лев",ADT-М1415ГР6М5Л,1
"метчик м-р М14*1,75 глухой",ADT-М14175ГР6М5ГЛ,1
"метчик м-р М14*1,75 Р6М5",ADT-М14175ГР6М5,1
"метчик м-р М14*2,0 осн Р6М5",ADT-М1420ГР6М5,1
"метчик м-р М14*2,0 глухой",ADT-М1420ГР6М5ГЛ,1
"метчик м-р М14*2,0 лев",ADT-М1420ГР6М5Л,1
"метчик м-р М16*1,0 левый",ADT-М1610ГР6М5Л,1
"метчик м-р М16*1,0 Р6М5",ADT-М1610ГР6М5,1
"метчик м-р М16*1,5 глухой",ADT-М1615ГР6М5ГЛ,1
"метчик м-р М16*1,5 Р6М5",ADT-М1615ГР6М5,1
"метчик м-р М16*2,0 осн Р6М5",ADT-М1620ГР6М5,1
"метчик м-р М16*2,0 глухой",ADT-М1620ГР6М5ГЛ,1
"метчик м-р М16*2,0 лев",ADT-М1620ГР6М5Л,1
"метчик м-р М18*1,0 Р6М5",ADT-М1810ГР6М5,1
"метчик м-р М18*1,5 глухой",ADT-М1815ГР6М5ГЛ,1
"метчик м-р М18*1,5 Р6М5",ADT-М1815ГР6М5,1
"метчик м-р М18*1,5 лев",ADT-М1815ГР6М5Л,1
"метчик м-р М18*2,0 Р6М5 глухой",ADT-М1820ГР6М5ГЛ,1
"метчик м-р М18*2,0 Р6М5",ADT-М1820ГР6М5,1
"метчик м-р М18*2,5 осн Р6М5",ADT-М1825ГР6М5,1
"метчик м-р М18*2,5 глухой",ADT-М1825ГР6М5ГЛ,1
"метчик м-р М18*2,5 лев",ADT-М1825ГР6М5Л,1
"метчик м-р М 2,5*0,45 осн Р6М5",ADT-М25045ГР6М5,1
"метчик м-р М 2*0,4 осн Р6М5",ADT-М204ГР6М5,1
"метчик м-р М20*1,0 Р6М5",ADT-М2010ГР6М5,1
"метчик м-р М20*1,5 глухой",ADT-М2015ГР6М5ГЛ,1
"метчик м-р М20*1,5 Р6М5",ADT-М2015ГР6М5,1
"метчик м-р М20*2,0 Р6М5",ADT-М2020ГР6М5,1
"метчик м-р М20*2,5 осн Р6М5",ADT-М2025ГР6М5,1
"метчик м-р М20*2,5 глухой",ADT-М2025ГР6М5ГЛ,1
"метчик м-р М20*2,5 лев",ADT-М2025ГР6М5Л,1
"метчик м-р М22*1,0",ADT-М2210ГР6М5,1
"метчик м-р М22*1,5 глухой",ADT-М2215ГР6М5ГЛ,1
"метчик м-р М22*1,5 Р6М5",ADT-М2215ГР6М5,1
"метчик м-р М22*1,5 лев",ADT-М2215ГР6М5Л,1
"метчик м-р М22*2,0 Р6М5",ADT-М2220ГР6М5,1
"метчик м-р М22*2,5 осн лев Р6М5",ADT-М2225ГР6М5Л,1
"метчик м-р М22*2,5 осн Р6М5",ADT-М2225ГР6М5,1
"метчик м-р М22*2,5 глухой",ADT-М2225ГР6М5ГЛ,1
"метчик м-р М24*1,0",ADT-М2410ГР6М5,1
"метчик м-р М24*1,5 глухой",ADT-М2415ГР6М5ГЛ,1
"метчик м-р М24*1,5 Р6М5",ADT-М2415ГР6М5,1
"метчик м-р М24*2,0 Р6М5",ADT-М2420ГР6М5,1
"метчик м-р М24*3,0 осн лев Р6М5",ADT-М2430ГР6М5Л,1
"метчик м-р М24*3,0 осн Р6М5",ADT-М2430ГР6М5,1
"метчик м-р М24*3,0 глухой",ADT-М2430ГР6М5ГЛ,1
"метчик м-р М 3*0,5 осн глухой",ADT-М305ГР6М5ГЛ,1
"метчик м-р М 3*0,5 осн Р6М5",ADT-М305ГР6М5,1
"метчик м-р М 3*0,5 осн левый",ADT-М305ГР6М5Л,1
"метчик м-р М 4*0,5 Р6М5",ADT-М405ГР6М5,1
"метчик м-р М 4*0,7 осн глухой",ADT-М407ГР6М5ГЛ,1
"метчик м-р М 4*0,7 осн Р6М5",ADT-М407ГР6М5,1
"метчик м-р М 4*0,7 лев",ADT-М407ГР6М5Л,1
"метчик м-р М 5*0,8 осн лев Р6М5",ADT-М508ГР6М5Л,1
"метчик м-р М 5*0,8 осн глухой",ADT-М508ГР6М5ГЛ,1
"метчик м-р М 5*0,8 осн Р6М5",ADT-М508ГР6М5,1
"метчик м-р М 6*0,75",ADT-М6075ГР6М5,1
"метчик м-р М 6*1,0 осн лев Р6М5",ADT-М610ГР6М5Л,1
"метчик м-р М 6*1,0 осн глухой",ADT-М610ГР6М5ГЛ,1
"метчик м-р М 6*1,0 осн Р6М5",ADT-М610ГР6М5,1
"метчик м-р М 7*1,0 осн Р6М5",ADT-М710ГР6М5,1
"метчик м-р М 8*1,0 Р6М5",ADT-М810ГР6М5,1
"метчик м-р М 8*1,0 лев",ADT-М810ГР6М5Л,1
"метчик м-р М 8*1,25 осн Р6М5",ADT-М8125ГР6М5,1
"метчик м-р М 8*1,25 глухой",ADT-М8125ГР6М5ГЛ,1
"метчик м-р М 8*1,25 лев",ADT-М8125ГР6М5Л,1
"метчик м-р М 8*1,5",ADT-М815ГР6М5,1
"метчик м-р М 9*1,0",ADT-М910ГР6М5,1
"метчик м-р М 9*1,25 осн",ADT-М9125ГР6М5,1
"метчик м/р М14*2,0 осн Р6М5К5",ADT-М1420CDCo,1
"метчик м/р М16*2,0 осн Р6М5К5",ADT-М1620CDCo,1
"метчик м/р М3*0,5 осн Р6М5К5",ADT-М0305CDCo,1
"метчик м/р М4*0,7 осн Р6М5К5",ADT-М0407CDCo,1
"метчик м/р М5*0,8 осн Р6М5К5",ADT-М0508CDCo,1
"метчик м/р М6*1,0 осн Р6М5К5",ADT-М0610CDCo,1
"метчик м/р М8*1,25 осн Р6М5К5",ADT-М08125CDCo,1
"метчик м/р М10*1,5 осн Р6М5К5",ADT-М1015CDCo,1
"метчик м/р М12*1,75 осн Р6М5К5",ADT-М12175CDCo,1
"Метчик машинный с винтовой канавкой М14*2,0 осн Р6М5К5 TiCN DIN376",ADT-М1420CDТ,1
"Метчик машинный с винтовой канавкой М16*2,0 осн Р6М5К5 TiCN DIN376",ADT-М1620CDТ,1
"Метчик машинный с винтовой канавкой М3*0,5 Р6М5К5 TiCN DIN371",ADT-М0305CDТ,1
"Метчик машинный с винтовой канавкой М4*0,7 осн Р6М5К5 TiCN DIN371",ADT-М0407CDТ,1
"Метчик машинный с винтовой канавкой М5*0,8 осн Р6М5К5 TiCN DIN371",ADT-М0508CDТ,1
"Метчик машинный с винтовой канавкой М6*1,0 осн Р6М5К5 TiCN DIN371",ADT-М0610CDТ,1
"Метчик машинный с винтовой канавкой М8*1,25 осн Р6М5К5 TiCN DIN371",ADT-М08125CDТ,1
"Метчик машинный с винтовой канавкой М12*1,75 осн Р6М5К5 TiCN DIN376",ADT-М12175CDТ,1
"Метчик машинный с винтовой канавкой М10*1,5 осн Р6М5К5 TiCN DIN371",ADT-М1015CDТ,1
плашка трубная G 1,ADT-ПG1,1
плашка трубная G 1/2,ADT-ПG12,1
плашка трубная G 1/4,ADT-ПG14,1
плашка трубная G 3/4,ADT-ПG34,1
плашка трубная G 3/8,ADT-ПG38,1