"метчик м-р М 2,5*0,45  осн  Р6М5",TF-000001MMR,1
"метчик м-р М 2*0,4  осн  Р6М5",TF-000002MMR,1
"метчик м-р М 2*0,45  Р6М5",TF-000003MMR,1
"метчик м-р М 3*0,5  осн  Р6М5",TF-000004MMR,1
"метчик м-р М 3*0,5  осн глухой",TF-000005MMR,1
"метчик м-р М 3*0,5  осн левый",TF-000006MMR,1
"метчик м-р М 4*0,5  Р6М5",TF-000007MMR,1
"метчик м-р М 4*0,7  лев",TF-000008MMR,1
"метчик м-р М 4*0,7  осн  глухой",TF-000009MMR,1
"метчик м-р М 4*0,7  осн  Р6М5",TF-000010MMR,1
"метчик м-р М 5*0,8  осн  глухой",TF-000011MMR,1
"метчик м-р М 5*0,8  осн  Р6М5",TF-000012MMR,1
"метчик м-р М 5*0,8  осн лев  Р6М5",TF-000013MMR,1
"метчик м-р М 6*0,75",TF-000014MMR,1
"метчик м-р М 6*1,0  осн  глухой",TF-000015MMR,1
"метчик м-р М 6*1,0  осн  Р6М5",TF-000016MMR,1
"метчик м-р М 6*1,0  осн лев  Р6М5",TF-000017MMR,1
"метчик м-р М 7*1,0  осн  Р6М5",TF-000018MMR,1
"метчик м-р М 8*1,0  лев",TF-000019MMR,1
"метчик м-р М 8*1,0  Р6М5",TF-000020MMR,1
"метчик м-р М 8*1,25  глухой",TF-000021MMR,1
"метчик м-р М 8*1,25  лев",TF-000022MMR,1
"метчик м-р М 8*1,25  осн  Р6М5",TF-000023MMR,1
"метчик м-р М 8*1,5",TF-000024MMR,1
"метчик м-р М 9*1,0",TF-000025MMR,1
"метчик м-р М 9*1,25  осн",TF-000026MMR,1
"метчик м-р М10*0,5",TF-000027MMR,1
"метчик м-р М10*0,75",TF-000028MMR,1
"метчик м-р М10*1,0  Р6М5",TF-000029MMR,1
"метчик м-р М10*1,25  Р6М5",TF-000030MMR,1
"метчик м-р М10*1,5  лев",TF-000031MMR,1
"метчик м-р М10*1,5 осн  глухой",TF-000032MMR,1
"метчик м-р М10*1,5 осн  Р6М5",TF-000033MMR,1
"метчик м-р М11*1,0  Р6М5",TF-000034MMR,1
"метчик м-р М11*1,25  Р6М5",TF-000035MMR,1
"метчик м-р М11*1,5 осн  Р6М5",TF-000036MMR,1
"метчик м-р М12*0,75",TF-000037MMR,1
"метчик м-р М12*1,0  Р6М5",TF-000038MMR,1
"метчик м-р М12*1,25  Р6М5",TF-000039MMR,1
"метчик м-р М12*1,5  глухой",TF-000040MMR,1
"метчик м-р М12*1,5  лев",TF-000041MMR,1
"метчик м-р М12*1,5  Р6М5",TF-000042MMR,1
"метчик м-р М12*1,75  лев",TF-000043MMR,1
"метчик м-р М12*1,75 осн  глухой",TF-000044MMR,1
"метчик м-р М12*1,75 осн  Р6М5",TF-000045MMR,1
"метчик м-р М14*1,0  лев",TF-000046MMR,1
"метчик м-р М14*1,0  Р6М5",TF-000047MMR,1
"метчик м-р М14*1,25  лев",TF-000048MMR,1
"метчик м-р М14*1,25  Р6М5",TF-000049MMR,1
"метчик м-р М14*1,5  лев",TF-000050MMR,1
"метчик м-р М14*1,5  Р6М5",TF-000051MMR,1
"метчик м-р М14*1,75  глухой",TF-000052MMR,1
"метчик м-р М14*1,75  Р6М5",TF-000053MMR,1
"метчик м-р М14*2,0  глухой",TF-000054MMR,1
"метчик м-р М14*2,0  лев",TF-000055MMR,1
"метчик м-р М14*2,0  осн  Р6М5",TF-000056MMR,1
"метчик м-р М16*1,0  Р6М5",TF-000057MMR,1
"метчик м-р М16*1,0 левый",TF-000058MMR,1
"метчик м-р М16*1,5  глухой",TF-000059MMR,1
"метчик м-р М16*1,5  лев  Р6М5",TF-000060MMR,1
"метчик м-р М16*1,5  Р6М5",TF-000061MMR,1
"метчик м-р М16*2,0  глухой",TF-000062MMR,1
"метчик м-р М16*2,0  лев",TF-000063MMR,1
"метчик м-р М16*2,0 осн  Р6М5",TF-000064MMR,1
"метчик м-р М18*1,0  Р6М5",TF-000065MMR,1
"метчик м-р М18*1,5  глухой",TF-000066MMR,1
"метчик м-р М18*1,5  лев",TF-000067MMR,1
"метчик м-р М18*1,5  Р6М5",TF-000068MMR,1
"метчик м-р М18*2,0  Р6М5",TF-000069MMR,1
"метчик м-р М18*2,0  Р6М5 глухой",TF-000070MMR,1
"метчик м-р М18*2,5  глухой",TF-000071MMR,1
"метчик м-р М18*2,5  лев",TF-000072MMR,1
"метчик м-р М18*2,5 осн  Р6М5",TF-000073MMR,1
"метчик м-р М20*1,0  Р6М5",TF-000074MMR,1
"метчик м-р М20*1,5  глухой",TF-000075MMR,1
"метчик м-р М20*1,5  Р6М5",TF-000076MMR,1
"метчик м-р М20*2,0  Р6М5",TF-000077MMR,1
"метчик м-р М20*2,5  глухой",TF-000078MMR,1
"метчик м-р М20*2,5  лев",TF-000079MMR,1
"метчик м-р М20*2,5 осн  Р6М5",TF-000080MMR,1
"метчик м-р М22*1,0",TF-000081MMR,1
"метчик м-р М22*1,5  глухой",TF-000082MMR,1
"метчик м-р М22*1,5  лев",TF-000083MMR,1
"метчик м-р М22*1,5  Р6М5",TF-000084MMR,1
"метчик м-р М22*2,0  Р6М5",TF-000085MMR,1
"метчик м-р М22*2,5  глухой",TF-000086MMR,1
"метчик м-р М22*2,5  осн лев  Р6М5",TF-000087MMR,1
"метчик м-р М22*2,5  осн Р6М5",TF-000088MMR,1
"метчик м-р М24*1,0",TF-000089MMR,1
"метчик м-р М24*1,5  глухой",TF-000090MMR,1
"метчик м-р М24*1,5  Р6М5",TF-000091MMR,1
"метчик м-р М24*2,0  Р6М5",TF-000092MMR,1
"метчик м-р М24*3,0  глухой",TF-000093MMR,1
"метчик м-р М24*3,0 осн  Р6М5",TF-000094MMR,1
"метчик м-р М24*3,0 осн лев  Р6М5",TF-000095MMR,1
"метчик м-р М27*1,0",TF-000096MMR,1
"метчик м-р М27*1,5  глухой",TF-000097MMR,1
"метчик м-р М27*1,5  Р6М5",TF-000098MMR,1
"метчик м-р М27*2,0  Р6М5",TF-000099MMR,1
"метчик м-р М27*3,0  глухой",TF-000100MMR,1
"метчик м-р М27*3,0 осн  Р6М5",TF-000101MMR,1
"метчик м-р М27*3,0 осн лев",TF-000102MMR,1
"метчик м-р М30*1,0",TF-000103MMR,1
"метчик м-р М30*1,5  глухой",TF-000104MMR,1
"метчик м-р М30*1,5  Р6М5",TF-000105MMR,1
"метчик м-р М30*2,0  глухой",TF-000106MMR,1
"метчик м-р М30*2,0  Р6М5",TF-000107MMR,1
"метчик м-р М30*3,0  глухой",TF-000108MMR,1
"метчик м-р М30*3,0  Р6М5",TF-000109MMR,1
"метчик м-р М30*3,5  осн лев  Р6М5",TF-000110MMR,1
"метчик м-р М30*3,5 осн  Р6М5",TF-000111MMR,1
"метчик м-р М33*1,0",TF-000112MMR,1
"метчик м-р М33*1,5  глухой",TF-000113MMR,1
"метчик м-р М33*1,5  Р6М5",TF-000114MMR,1
"метчик м-р М33*2,0  Р6М5",TF-000115MMR,1
"метчик м-р М33*3,0",TF-000116MMR,1
"метчик м-р М33*3,5 осн",TF-000117MMR,1
"метчик м-р М36*1,5  Р6М5",TF-000118MMR,1
"метчик м-р М36*2,0  Р6М5",TF-000119MMR,1
"метчик м-р М36*3,0  Р6М5",TF-000120MMR,1
"метчик м-р М36*4,0 осн  Р6М5",TF-000121MMR,1
"метчик м-р М42*2,0 Р6М5",TF-000122MMR,1
"метчик м-р М42*3,0 Р6М5",TF-000123MMR,1
"метчик м-р М42*4,5 осн  Р6М5",TF-000124MMR,1
"метчик м-р М45*4,5 осн  Р6М5",TF-000125MMR,1
"метчик м-р М48*2,0",TF-000126MMR,1
"метчик м-р М48*5,0 осн  Р6М5",TF-000127MMR,1
"плашка М 2,5*0,45 осн",TF-000001PM,1
"плашка М 2*0,4 осн",TF-000002PM,1
"плашка М 2*0,5",TF-000003PM,1
"плашка М 3*0,5 осн",TF-000004PM,1
"плашка М 3*0,5 осн. лев",TF-000005PM,1
"плашка М 4*0,5",TF-000006PM,1
"плашка М 4*0,7 осн",TF-000007PM,1
"плашка М 4*0,7 осн. лев",TF-000008PM,1
"плашка М 4*1,0",TF-000009PM,1
"плашка М 5*0,5",TF-000010PM,1
"плашка М 5*0,8 осн",TF-000011PM,1
"плашка М 5*0,8 осн. лев",TF-000012PM,1
"плашка М 6*0,5",TF-000013PM,1
"плашка М 6*0,75",TF-000014PM,1
"плашка М 6*1,0 осн",TF-000015PM,1
"плашка М 6*1,0 осн. лев",TF-000016PM,1
"плашка М 7*1,0",TF-000017PM,1
"плашка М 8*0,75",TF-000018PM,1
"плашка М 8*1,0",TF-000019PM,1
"плашка М 8*1,0 лев",TF-000020PM,1
"плашка М 8*1,25 осн",TF-000021PM,1
"плашка М 8*1,25 осн. лев",TF-000022PM,1
"плашка М 8*1,5",TF-000023PM,1
"плашка М 9*0,5",TF-000024PM,1
"плашка М 9*1,0",TF-000025PM,1
"плашка М 9*1,25 осн",TF-000026PM,1
"плашка М10*0,5",TF-000027PM,1
"плашка М10*0,75",TF-000028PM,1
"плашка М10*1,0",TF-000029PM,1
"плашка М10*1,25",TF-000030PM,1
"плашка М10*1,5 осн",TF-000031PM,1
"плашка М10*1,5 осн. лев",TF-000032PM,1
"плашка М11*1,0",TF-000033PM,1
"плашка М11*1,25",TF-000034PM,1
"плашка М11*1,5 осн",TF-000035PM,1
"плашка М12*0,5",TF-000036PM,1
"плашка М12*0,75",TF-000037PM,1
"плашка М12*1,0",TF-000038PM,1
"плашка М12*1,25",TF-000039PM,1
"плашка М12*1,5",TF-000040PM,1
"плашка М12*1,5 лев",TF-000041PM,1
"плашка М12*1,75 осн",TF-000042PM,1
"плашка М12*1,75 осн. лев",TF-000043PM,1
"плашка М14*0,5",TF-000044PM,1
"плашка М14*1,0",TF-000045PM,1
"плашка М14*1,0 лев",TF-000046PM,1
"плашка М14*1,25",TF-000047PM,1
"плашка М14*1,25  лев",TF-000048PM,1
"плашка М14*1,5",TF-000049PM,1
"плашка М14*1,5 лев",TF-000050PM,1
"плашка М14*1,75",TF-000051PM,1
"плашка М14*2,0  осн",TF-000052PM,1
"плашка М14*2,0  осн. лев",TF-000053PM,1
"плашка М16*0,5",TF-000054PM,1
"плашка М16*1,0",TF-000055PM,1
"плашка М16*1,0 лев",TF-000056PM,1
"плашка М16*1,25",TF-000057PM,1
"плашка М16*1,5",TF-000058PM,1
"плашка М16*2,0  осн",TF-000059PM,1
"плашка М16*2,0 лев",TF-000060PM,1
"плашка М18*1,0",TF-000061PM,1
"плашка М18*1,5",TF-000062PM,1
"плашка М18*1,5 левая",TF-000063PM,1
"плашка М18*2,0",TF-000064PM,1
"плашка М18*2,5  осн",TF-000065PM,1
"плашка М18*2,5  осн. лев",TF-000066PM,1
"плашка М20*1,0",TF-000067PM,1
"плашка М20*1,5",TF-000068PM,1
"плашка М20*2,0",TF-000069PM,1
"плашка М20*2,5  осн",TF-000070PM,1
"плашка М20*2,5  осн. лев",TF-000071PM,1
"плашка М22*1,0",TF-000072PM,1
"плашка М22*1,5",TF-000073PM,1
"плашка М22*1,5 лев",TF-000074PM,1
"плашка М22*2,0",TF-000075PM,1
"плашка М22*2,5  осн",TF-000076PM,1
"плашка М22*2,5 осн. лев",TF-000077PM,1
"плашка М24*1,0",TF-000078PM,1
"плашка М24*1,5",TF-000079PM,1
"плашка М24*2,0",TF-000080PM,1
"плашка М24*2,0 левая",TF-000081PM,1
"плашка М24*3,0  осн",TF-000082PM,1
"плашка М24*3,0  осн. лев",TF-000083PM,1
"плашка М27*1,0",TF-000084PM,1
"плашка М27*1,5",TF-000085PM,1
"плашка М27*2,0",TF-000086PM,1
"плашка М27*3,0  осн",TF-000087PM,1
"плашка М27*3,0 левая",TF-000088PM,1
"плашка М30*1,0",TF-000089PM,1
"плашка М30*1,5",TF-000090PM,1
"плашка М30*2,0",TF-000091PM,1
"плашка М30*3,0",TF-000092PM,1
"плашка М30*3,5  осн",TF-000093PM,1
"плашка М30*3,5 левая",TF-000094PM,1
"плашка М33*1,0",TF-000095PM,1
"плашка М33*1,5",TF-000096PM,1
"плашка М33*2,0",TF-000097PM,1
"плашка М33*3,0",TF-000098PM,1
"плашка М33*3,5  осн",TF-000099PM,1
"плашка М36*1,0",TF-000100PM,1
"плашка М36*1,5",TF-000101PM,1
"плашка М36*1,5 лев",TF-000102PM,1
"плашка М36*2,0",TF-000103PM,1
"плашка М36*3,0",TF-000104PM,1
"плашка М36*4,0  осн",TF-000105PM,1
"плашка М39*1,0",TF-000106PM,1
"плашка М39*1,5",TF-000107PM,1
"плашка М39*2,0",TF-000108PM,1
"плашка М39*3,0",TF-000109PM,1
"плашка М39*4,0",TF-000110PM,1
"плашка М42*1,5",TF-000111PM,1
"плашка М42*2,0",TF-000112PM,1
"плашка М42*3,0",TF-000113PM,1
"плашка М42*4,0",TF-000114PM,1
"плашка М42*4,5  осн",TF-000115PM,1
"плашка М45*1,0",TF-000116PM,1
"плашка М45*1,5",TF-000117PM,1
"плашка М45*2,0",TF-000118PM,1
"плашка М45*3,0",TF-000119PM,1
"плашка М45*4,0",TF-000120PM,1
"плашка М45*4,5  осн",TF-000121PM,1
"плашка М48*1,0",TF-000122PM,1
"плашка М48*1,5",TF-000123PM,1
"плашка М48*2,0",TF-000124PM,1
"плашка М48*3,0",TF-000125PM,1
"плашка М48*4,0",TF-000126PM,1
"плашка М48*5,0  осн",TF-000127PM,1
"плашка М48*5,0  осн. лев",TF-000128PM,1
"плашка М52*1,5",TF-000129PM,1
"плашка М52*2,0  осн",TF-000130PM,1
"плашка М52*3,0  осн",TF-000131PM,1
"плашка М52*5,0  осн",TF-000132PM,1
"плашка М56*4,0",TF-000133PM,1
"плашка М56*5,5",TF-000134PM,1
"плашка М64*2,0",TF-000135PM,1
"плашка М64*3,0",TF-000136PM,1
"плашка М64*6,0",TF-000137PM,1